clienteid,idade,renda_anual,email,grupo
1,62,91920,cliente1@exemplo.com,1
2,65,69530,cliente2@exemplo.com,2
3,71,73366,cliente3@exemplo.com,1
4,18,56947,cliente4@exemplo.com,2
5,21,53449,cliente5@exemplo.com,2
6,77,62115,cliente6@exemplo.com,2
7,21,68530,cliente7@exemplo.com,2
8,57,12098,cliente8@exemplo.com,0
9,27,47734,cliente9@exemplo.com,2
10,37,77604,cliente10@exemplo.com,1
11,39,82363,cliente11@exemplo.com,1
12,68,22918,cliente12@exemplo.com,0
13,54,48372,cliente13@exemplo.com,2
14,41,32893,cliente14@exemplo.com,0
15,24,87929,cliente15@exemplo.com,1
16,42,50642,cliente16@exemplo.com,2
17,42,99740,cliente17@exemplo.com,1
18,30,95110,cliente18@exemplo.com,1
19,76,24881,cliente19@exemplo.com,0
20,19,46741,cliente20@exemplo.com,2
21,56,41782,cliente21@exemplo.com,2
22,57,71185,cliente22@exemplo.com,1
23,41,75802,cliente23@exemplo.com,1
24,64,54038,cliente24@exemplo.com,2
25,42,80918,cliente25@exemplo.com,1
26,35,51574,cliente26@exemplo.com,2
27,55,55387,cliente27@exemplo.com,2
28,43,72834,cliente28@exemplo.com,1
29,31,94338,cliente29@exemplo.com,1
30,26,98754,cliente30@exemplo.com,1
31,27,37906,cliente31@exemplo.com,0
32,38,83036,cliente32@exemplo.com,1
33,69,18819,cliente33@exemplo.com,0
34,34,14485,cliente34@exemplo.com,0
35,69,98692,cliente35@exemplo.com,1
36,23,67525,cliente36@exemplo.com,2
37,80,45051,cliente37@exemplo.com,2
38,33,75323,cliente38@exemplo.com,1
39,65,21326,cliente39@exemplo.com,0
40,18,36956,cliente40@exemplo.com,0
41,36,57663,cliente41@exemplo.com,2
42,53,98652,cliente42@exemplo.com,1
43,42,59272,cliente43@exemplo.com,2
44,67,89634,cliente44@exemplo.com,1
45,69,57449,cliente45@exemplo.com,2
46,47,46444,cliente46@exemplo.com,2
47,37,63484,cliente47@exemplo.com,2
48,37,85881,cliente48@exemplo.com,1
49,32,21477,cliente49@exemplo.com,0
50,57,54550,cliente50@exemplo.com,2
51,50,95552,cliente51@exemplo.com,1
52,19,36152,cliente52@exemplo.com,0
53,27,82862,cliente53@exemplo.com,1
54,75,17557,cliente54@exemplo.com,0
55,50,87285,cliente55@exemplo.com,1
56,49,54069,cliente56@exemplo.com,2
57,28,91521,cliente57@exemplo.com,1
58,70,22383,cliente58@exemplo.com,0
59,41,57456,cliente59@exemplo.com,2
60,53,45312,cliente60@exemplo.com,2
61,80,57312,cliente61@exemplo.com,2
62,29,81968,cliente62@exemplo.com,1
63,68,42830,cliente63@exemplo.com,2
64,73,37018,cliente64@exemplo.com,0
65,46,69788,cliente65@exemplo.com,2
66,52,40301,cliente66@exemplo.com,0
67,18,91728,cliente67@exemplo.com,1
68,18,77559,cliente68@exemplo.com,1
69,54,83878,cliente69@exemplo.com,1
70,71,28821,cliente70@exemplo.com,0
71,23,45620,cliente71@exemplo.com,2
72,56,39267,cliente72@exemplo.com,0
73,58,59279,cliente73@exemplo.com,2
74,70,25708,cliente74@exemplo.com,0
75,35,54785,cliente75@exemplo.com,2
76,33,44790,cliente76@exemplo.com,2
77,22,35735,cliente77@exemplo.com,0
78,59,95172,cliente78@exemplo.com,1
79,60,10592,cliente79@exemplo.com,0
80,76,98477,cliente80@exemplo.com,1
81,49,92944,cliente81@exemplo.com,1
82,74,30183,cliente82@exemplo.com,0
83,19,75354,cliente83@exemplo.com,1
84,19,75276,cliente84@exemplo.com,1
85,57,47437,cliente85@exemplo.com,2
86,59,21408,cliente86@exemplo.com,0
87,75,20096,cliente87@exemplo.com,0
88,53,52441,cliente88@exemplo.com,2
89,56,42884,cliente89@exemplo.com,2
90,73,68085,cliente90@exemplo.com,2
91,29,50703,cliente91@exemplo.com,2
92,64,72782,cliente92@exemplo.com,1
93,36,98624,cliente93@exemplo.com,1
94,45,31649,cliente94@exemplo.com,0
95,18,69253,cliente95@exemplo.com,2
96,32,46361,cliente96@exemplo.com,2
97,53,55548,cliente97@exemplo.com,2
98,71,64462,cliente98@exemplo.com,2
99,30,36703,cliente99@exemplo.com,0
100,75,66526,cliente100@exemplo.com,2
101,60,34993,cliente101@exemplo.com,0
102,38,69268,cliente102@exemplo.com,2
103,29,37536,cliente103@exemplo.com,0
104,22,45044,cliente104@exemplo.com,2
105,24,77399,cliente105@exemplo.com,1
106,22,66638,cliente106@exemplo.com,2
107,65,75371,cliente107@exemplo.com,1
108,70,83735,cliente108@exemplo.com,1
109,21,49421,cliente109@exemplo.com,2
110,30,51750,cliente110@exemplo.com,2
111,54,44658,cliente111@exemplo.com,2
112,70,69126,cliente112@exemplo.com,2
113,58,68523,cliente113@exemplo.com,2
114,32,25919,cliente114@exemplo.com,0
115,33,63743,cliente115@exemplo.com,2
116,38,43394,cliente116@exemplo.com,2
117,53,24859,cliente117@exemplo.com,0
118,76,65255,cliente118@exemplo.com,2
119,41,87799,cliente119@exemplo.com,1
120,33,35374,cliente120@exemplo.com,0
121,31,77674,cliente121@exemplo.com,1
122,71,41010,cliente122@exemplo.com,2
123,39,33203,cliente123@exemplo.com,0
124,66,49789,cliente124@exemplo.com,2
125,67,22912,cliente125@exemplo.com,0
126,23,47285,cliente126@exemplo.com,2
127,59,39764,cliente127@exemplo.com,0
128,53,84165,cliente128@exemplo.com,1
129,18,37661,cliente129@exemplo.com,0
130,49,65397,cliente130@exemplo.com,2
131,23,39459,cliente131@exemplo.com,0
132,48,54296,cliente132@exemplo.com,2
133,18,17008,cliente133@exemplo.com,0
134,67,28129,cliente134@exemplo.com,0
135,68,39893,cliente135@exemplo.com,0
136,54,37004,cliente136@exemplo.com,0
137,52,83828,cliente137@exemplo.com,1
138,66,76945,cliente138@exemplo.com,1
139,47,97197,cliente139@exemplo.com,1
140,21,80533,cliente140@exemplo.com,1
141,52,34528,cliente141@exemplo.com,0
142,60,63478,cliente142@exemplo.com,2
143,31,55560,cliente143@exemplo.com,2
144,66,81592,cliente144@exemplo.com,1
145,57,78246,cliente145@exemplo.com,1
146,39,95022,cliente146@exemplo.com,1
147,27,24591,cliente147@exemplo.com,0
148,18,33059,cliente148@exemplo.com,0
149,28,52756,cliente149@exemplo.com,2
150,68,82554,cliente150@exemplo.com,1
151,61,94554,cliente151@exemplo.com,1
152,76,42891,cliente152@exemplo.com,2
153,41,41958,cliente153@exemplo.com,2
154,77,49228,cliente154@exemplo.com,2
155,20,70133,cliente155@exemplo.com,2
156,75,28013,cliente156@exemplo.com,0
157,52,39353,cliente157@exemplo.com,0
158,80,81208,cliente158@exemplo.com,1
159,53,69580,cliente159@exemplo.com,2
160,48,19425,cliente160@exemplo.com,0
161,77,39363,cliente161@exemplo.com,0
162,21,44088,cliente162@exemplo.com,2
163,36,19694,cliente163@exemplo.com,0
164,64,50542,cliente164@exemplo.com,2
165,53,54709,cliente165@exemplo.com,2
166,38,63630,cliente166@exemplo.com,2
167,35,17011,cliente167@exemplo.com,0
168,68,66487,cliente168@exemplo.com,2
169,45,50605,cliente169@exemplo.com,2
170,32,67852,cliente170@exemplo.com,2
171,59,29521,cliente171@exemplo.com,0
172,76,26151,cliente172@exemplo.com,0
173,19,44176,cliente173@exemplo.com,2
174,54,31871,cliente174@exemplo.com,0
175,28,37034,cliente175@exemplo.com,0
176,40,63977,cliente176@exemplo.com,2
177,61,89193,cliente177@exemplo.com,1
178,58,57320,cliente178@exemplo.com,2
179,29,60679,cliente179@exemplo.com,2
180,20,69855,cliente180@exemplo.com,2
181,69,93241,cliente181@exemplo.com,1
182,34,69281,cliente182@exemplo.com,2
183,50,46720,cliente183@exemplo.com,2
184,72,93054,cliente184@exemplo.com,1
185,18,62677,cliente185@exemplo.com,2
186,56,12963,cliente186@exemplo.com,0
187,37,98815,cliente187@exemplo.com,1
188,64,56870,cliente188@exemplo.com,2
189,60,70781,cliente189@exemplo.com,1
190,69,50843,cliente190@exemplo.com,2
191,74,25265,cliente191@exemplo.com,0
192,78,34455,cliente192@exemplo.com,0
193,58,36743,cliente193@exemplo.com,0
194,31,79914,cliente194@exemplo.com,1
195,48,35136,cliente195@exemplo.com,0
196,42,86999,cliente196@exemplo.com,1
197,79,55295,cliente197@exemplo.com,2
198,20,94662,cliente198@exemplo.com,1
199,21,79988,cliente199@exemplo.com,1
200,48,82279,cliente200@exemplo.com,1
201,52,81166,cliente201@exemplo.com,1
202,61,61714,cliente202@exemplo.com,2
203,31,54296,cliente203@exemplo.com,2
204,66,36885,cliente204@exemplo.com,0
205,58,82614,cliente205@exemplo.com,1
206,26,18804,cliente206@exemplo.com,0
207,37,96465,cliente207@exemplo.com,1
208,49,30132,cliente208@exemplo.com,0
209,26,60053,cliente209@exemplo.com,2
210,44,54707,cliente210@exemplo.com,2
211,20,32616,cliente211@exemplo.com,0
212,74,91841,cliente212@exemplo.com,1
213,70,48607,cliente213@exemplo.com,2
214,21,32898,cliente214@exemplo.com,0
215,62,19481,cliente215@exemplo.com,0
216,79,50068,cliente216@exemplo.com,2
217,32,74433,cliente217@exemplo.com,1
218,50,95016,cliente218@exemplo.com,1
219,22,85358,cliente219@exemplo.com,1
220,21,63123,cliente220@exemplo.com,2
221,63,30045,cliente221@exemplo.com,0
222,29,11291,cliente222@exemplo.com,0
223,78,67741,cliente223@exemplo.com,2
224,40,45300,cliente224@exemplo.com,2
225,31,44897,cliente225@exemplo.com,2
226,75,35754,cliente226@exemplo.com,0
227,63,22230,cliente227@exemplo.com,0
228,29,60863,cliente228@exemplo.com,2
229,74,40306,cliente229@exemplo.com,0
230,34,72997,cliente230@exemplo.com,1
231,42,22180,cliente231@exemplo.com,0
232,47,15802,cliente232@exemplo.com,0
233,39,18058,cliente233@exemplo.com,0
234,64,27553,cliente234@exemplo.com,0
235,43,30441,cliente235@exemplo.com,0
236,34,49381,cliente236@exemplo.com,2
237,78,91508,cliente237@exemplo.com,1
238,75,14207,cliente238@exemplo.com,0
239,72,81777,cliente239@exemplo.com,1
240,71,28670,cliente240@exemplo.com,0
241,79,91776,cliente241@exemplo.com,1
242,37,97051,cliente242@exemplo.com,1
243,51,49905,cliente243@exemplo.com,2
244,58,56617,cliente244@exemplo.com,2
245,50,81007,cliente245@exemplo.com,1
246,54,24937,cliente246@exemplo.com,0
247,77,22120,cliente247@exemplo.com,0
248,77,37117,cliente248@exemplo.com,0
249,75,78134,cliente249@exemplo.com,1
250,24,46915,cliente250@exemplo.com,2
251,39,64019,cliente251@exemplo.com,2
252,49,55486,cliente252@exemplo.com,2
253,31,17802,cliente253@exemplo.com,0
254,25,64685,cliente254@exemplo.com,2
255,74,39442,cliente255@exemplo.com,0
256,42,76181,cliente256@exemplo.com,1
257,33,14039,cliente257@exemplo.com,0
258,59,98910,cliente258@exemplo.com,1
259,36,19635,cliente259@exemplo.com,0
260,58,32708,cliente260@exemplo.com,0
261,72,31863,cliente261@exemplo.com,0
262,33,98327,cliente262@exemplo.com,1
263,29,53699,cliente263@exemplo.com,2
264,56,87158,cliente264@exemplo.com,1
265,65,76297,cliente265@exemplo.com,1
266,47,84675,cliente266@exemplo.com,1
267,75,30381,cliente267@exemplo.com,0
268,19,43393,cliente268@exemplo.com,2
269,49,69843,cliente269@exemplo.com,2
270,72,87690,cliente270@exemplo.com,1
271,62,46151,cliente271@exemplo.com,2
272,42,75112,cliente272@exemplo.com,1
273,79,12555,cliente273@exemplo.com,0
274,42,91148,cliente274@exemplo.com,1
275,21,63752,cliente275@exemplo.com,2
276,36,70533,cliente276@exemplo.com,2
277,65,24707,cliente277@exemplo.com,0
278,21,42214,cliente278@exemplo.com,2
279,60,80841,cliente279@exemplo.com,1
280,30,23195,cliente280@exemplo.com,0
281,56,83298,cliente281@exemplo.com,1
282,53,71401,cliente282@exemplo.com,1
283,40,46076,cliente283@exemplo.com,2
284,80,44183,cliente284@exemplo.com,2
285,79,60973,cliente285@exemplo.com,2
286,23,86745,cliente286@exemplo.com,1
287,41,17228,cliente287@exemplo.com,0
288,61,70027,cliente288@exemplo.com,2
289,50,67447,cliente289@exemplo.com,2
290,29,56783,cliente290@exemplo.com,2
291,58,98193,cliente291@exemplo.com,1
292,38,24226,cliente292@exemplo.com,0
293,28,87493,cliente293@exemplo.com,1
294,72,23596,cliente294@exemplo.com,0
295,61,92368,cliente295@exemplo.com,1
296,55,87528,cliente296@exemplo.com,1
297,79,40281,cliente297@exemplo.com,0
298,46,58008,cliente298@exemplo.com,2
299,65,34530,cliente299@exemplo.com,0
300,58,13467,cliente300@exemplo.com,0
301,20,20716,cliente301@exemplo.com,0
302,45,32901,cliente302@exemplo.com,0
303,37,70241,cliente303@exemplo.com,2
304,43,39111,cliente304@exemplo.com,0
305,41,78623,cliente305@exemplo.com,1
306,71,10131,cliente306@exemplo.com,0
307,69,72570,cliente307@exemplo.com,1
308,64,69864,cliente308@exemplo.com,2
309,38,87525,cliente309@exemplo.com,1
310,71,11614,cliente310@exemplo.com,0
311,47,45695,cliente311@exemplo.com,2
312,21,47708,cliente312@exemplo.com,2
313,53,76827,cliente313@exemplo.com,1
314,57,93303,cliente314@exemplo.com,1
315,27,68202,cliente315@exemplo.com,2
316,27,14845,cliente316@exemplo.com,0
317,59,31922,cliente317@exemplo.com,0
318,41,62222,cliente318@exemplo.com,2
319,21,86304,cliente319@exemplo.com,1
320,64,78129,cliente320@exemplo.com,1
321,44,66492,cliente321@exemplo.com,2
322,68,51768,cliente322@exemplo.com,2
323,62,36952,cliente323@exemplo.com,0
324,21,76666,cliente324@exemplo.com,1
325,49,43363,cliente325@exemplo.com,2
326,27,80386,cliente326@exemplo.com,1
327,28,96935,cliente327@exemplo.com,1
328,45,81071,cliente328@exemplo.com,1
329,63,51622,cliente329@exemplo.com,2
330,25,33616,cliente330@exemplo.com,0
331,57,74799,cliente331@exemplo.com,1
332,79,67427,cliente332@exemplo.com,2
333,39,53827,cliente333@exemplo.com,2
334,51,75017,cliente334@exemplo.com,1
335,62,54428,cliente335@exemplo.com,2
336,52,15130,cliente336@exemplo.com,0
337,52,64772,cliente337@exemplo.com,2
338,42,51808,cliente338@exemplo.com,2
339,51,77267,cliente339@exemplo.com,1
340,23,60512,cliente340@exemplo.com,2
341,58,97360,cliente341@exemplo.com,1
342,54,52113,cliente342@exemplo.com,2
343,18,36418,cliente343@exemplo.com,0
344,29,90736,cliente344@exemplo.com,1
345,52,92283,cliente345@exemplo.com,1
346,23,14562,cliente346@exemplo.com,0
347,80,18889,cliente347@exemplo.com,0
348,71,95398,cliente348@exemplo.com,1
349,80,50719,cliente349@exemplo.com,2
350,34,19103,cliente350@exemplo.com,0
351,80,78935,cliente351@exemplo.com,1
352,26,89131,cliente352@exemplo.com,1
353,79,24552,cliente353@exemplo.com,0
354,19,14409,cliente354@exemplo.com,0
355,35,62026,cliente355@exemplo.com,2
356,66,53224,cliente356@exemplo.com,2
357,53,28701,cliente357@exemplo.com,0
358,74,16034,cliente358@exemplo.com,0
359,45,83678,cliente359@exemplo.com,1
360,58,65060,cliente360@exemplo.com,2
361,70,15703,cliente361@exemplo.com,0
362,54,40391,cliente362@exemplo.com,0
363,66,40955,cliente363@exemplo.com,2
364,43,99333,cliente364@exemplo.com,1
365,21,62315,cliente365@exemplo.com,2
366,57,32572,cliente366@exemplo.com,0
367,78,17951,cliente367@exemplo.com,0
368,53,93543,cliente368@exemplo.com,1
369,68,81627,cliente369@exemplo.com,1
370,48,44381,cliente370@exemplo.com,2
371,47,51470,cliente371@exemplo.com,2
372,67,17581,cliente372@exemplo.com,0
373,51,97647,cliente373@exemplo.com,1
374,36,91618,cliente374@exemplo.com,1
375,35,50580,cliente375@exemplo.com,2
376,47,80577,cliente376@exemplo.com,1
377,38,94311,cliente377@exemplo.com,1
378,79,17209,cliente378@exemplo.com,0
379,20,19690,cliente379@exemplo.com,0
380,23,49855,cliente380@exemplo.com,2
381,55,61473,cliente381@exemplo.com,2
382,30,11344,cliente382@exemplo.com,0
383,62,26620,cliente383@exemplo.com,0
384,71,39334,cliente384@exemplo.com,0
385,79,48986,cliente385@exemplo.com,2
386,20,27570,cliente386@exemplo.com,0
387,65,71096,cliente387@exemplo.com,1
388,45,62214,cliente388@exemplo.com,2
389,39,97701,cliente389@exemplo.com,1
390,57,99890,cliente390@exemplo.com,1
391,57,51333,cliente391@exemplo.com,2
392,29,54192,cliente392@exemplo.com,2
393,40,58428,cliente393@exemplo.com,2
394,48,76147,cliente394@exemplo.com,1
395,35,33289,cliente395@exemplo.com,0
396,24,57975,cliente396@exemplo.com,2
397,25,13995,cliente397@exemplo.com,0
398,36,56843,cliente398@exemplo.com,2
399,46,12352,cliente399@exemplo.com,0
400,61,64655,cliente400@exemplo.com,2
401,37,28058,cliente401@exemplo.com,0
402,67,56404,cliente402@exemplo.com,2
403,59,85025,cliente403@exemplo.com,1
404,47,33299,cliente404@exemplo.com,0
405,64,20525,cliente405@exemplo.com,0
406,39,88438,cliente406@exemplo.com,1
407,27,31707,cliente407@exemplo.com,0
408,43,62701,cliente408@exemplo.com,2
409,68,83020,cliente409@exemplo.com,1
410,50,49603,cliente410@exemplo.com,2
411,45,16388,cliente411@exemplo.com,0
412,27,53593,cliente412@exemplo.com,2
413,46,24272,cliente413@exemplo.com,0
414,61,73472,cliente414@exemplo.com,1
415,35,26627,cliente415@exemplo.com,0
416,59,45349,cliente416@exemplo.com,2
417,76,40302,cliente417@exemplo.com,0
418,18,45983,cliente418@exemplo.com,2
419,40,45568,cliente419@exemplo.com,2
420,34,98330,cliente420@exemplo.com,1
421,60,28065,cliente421@exemplo.com,0
422,54,90003,cliente422@exemplo.com,1
423,48,62199,cliente423@exemplo.com,2
424,42,42329,cliente424@exemplo.com,2
425,70,27181,cliente425@exemplo.com,0
426,21,99283,cliente426@exemplo.com,1
427,69,47328,cliente427@exemplo.com,2
428,26,21908,cliente428@exemplo.com,0
429,74,35700,cliente429@exemplo.com,0
430,45,71472,cliente430@exemplo.com,1
431,47,54113,cliente431@exemplo.com,2
432,77,93575,cliente432@exemplo.com,1
433,64,12422,cliente433@exemplo.com,0
434,41,60933,cliente434@exemplo.com,2
435,50,16437,cliente435@exemplo.com,0
436,37,93227,cliente436@exemplo.com,1
437,26,56670,cliente437@exemplo.com,2
438,25,59083,cliente438@exemplo.com,2
439,41,11631,cliente439@exemplo.com,0
440,31,95304,cliente440@exemplo.com,1
441,76,33325,cliente441@exemplo.com,0
442,35,41388,cliente442@exemplo.com,2
443,74,64690,cliente443@exemplo.com,2
444,70,83914,cliente444@exemplo.com,1
445,73,65167,cliente445@exemplo.com,2
446,18,79502,cliente446@exemplo.com,1
447,29,95969,cliente447@exemplo.com,1
448,46,15596,cliente448@exemplo.com,0
449,54,99744,cliente449@exemplo.com,1
450,43,32075,cliente450@exemplo.com,0
451,50,11004,cliente451@exemplo.com,0
452,60,97047,cliente452@exemplo.com,1
453,32,37532,cliente453@exemplo.com,0
454,40,31227,cliente454@exemplo.com,0
455,46,78829,cliente455@exemplo.com,1
456,38,11064,cliente456@exemplo.com,0
457,36,88848,cliente457@exemplo.com,1
458,22,67556,cliente458@exemplo.com,2
459,40,57708,cliente459@exemplo.com,2
460,53,41949,cliente460@exemplo.com,2
461,76,89013,cliente461@exemplo.com,1
462,37,72013,cliente462@exemplo.com,1
463,25,46967,cliente463@exemplo.com,2
464,26,40642,cliente464@exemplo.com,0
465,79,67924,cliente465@exemplo.com,2
466,31,18686,cliente466@exemplo.com,0
467,23,82652,cliente467@exemplo.com,1
468,18,58825,cliente468@exemplo.com,2
469,26,51847,cliente469@exemplo.com,2
470,33,79616,cliente470@exemplo.com,1
471,33,88980,cliente471@exemplo.com,1
472,71,45364,cliente472@exemplo.com,2
473,29,20706,cliente473@exemplo.com,0
474,22,84462,cliente474@exemplo.com,1
475,57,92293,cliente475@exemplo.com,1
476,46,33843,cliente476@exemplo.com,0
477,63,97984,cliente477@exemplo.com,1
478,44,64833,cliente478@exemplo.com,2
479,28,29641,cliente479@exemplo.com,0
480,70,32578,cliente480@exemplo.com,0
481,64,37361,cliente481@exemplo.com,0
482,67,52160,cliente482@exemplo.com,2
483,45,67329,cliente483@exemplo.com,2
484,69,58764,cliente484@exemplo.com,2
485,53,28931,cliente485@exemplo.com,0
486,59,89780,cliente486@exemplo.com,1
487,36,39030,cliente487@exemplo.com,0
488,71,31540,cliente488@exemplo.com,0
489,52,66606,cliente489@exemplo.com,2
490,69,64898,cliente490@exemplo.com,2
491,48,66467,cliente491@exemplo.com,2
492,71,38070,cliente492@exemplo.com,0
493,76,71868,cliente493@exemplo.com,1
494,61,26419,cliente494@exemplo.com,0
495,73,31262,cliente495@exemplo.com,0
496,78,23304,cliente496@exemplo.com,0
497,78,83041,cliente497@exemplo.com,1
498,36,66131,cliente498@exemplo.com,2
499,63,69165,cliente499@exemplo.com,2
500,41,87979,cliente500@exemplo.com,1
501,19,60209,cliente501@exemplo.com,2
502,24,96451,cliente502@exemplo.com,1
503,60,13958,cliente503@exemplo.com,0
504,71,83784,cliente504@exemplo.com,1
505,66,16421,cliente505@exemplo.com,0
506,48,30202,cliente506@exemplo.com,0
507,77,94509,cliente507@exemplo.com,1
508,34,43725,cliente508@exemplo.com,2
509,44,52554,cliente509@exemplo.com,2
510,78,15912,cliente510@exemplo.com,0
511,53,30594,cliente511@exemplo.com,0
512,76,54304,cliente512@exemplo.com,2
513,67,16592,cliente513@exemplo.com,0
514,60,30324,cliente514@exemplo.com,0
515,27,73458,cliente515@exemplo.com,1
516,62,24971,cliente516@exemplo.com,0
517,31,36637,cliente517@exemplo.com,0
518,75,71179,cliente518@exemplo.com,1
519,24,14354,cliente519@exemplo.com,0
520,56,44626,cliente520@exemplo.com,2
521,57,53155,cliente521@exemplo.com,2
522,26,20740,cliente522@exemplo.com,0
523,31,95754,cliente523@exemplo.com,1
524,74,81116,cliente524@exemplo.com,1
525,25,79278,cliente525@exemplo.com,1
526,34,44074,cliente526@exemplo.com,2
527,74,13313,cliente527@exemplo.com,0
528,40,60112,cliente528@exemplo.com,2
529,74,86033,cliente529@exemplo.com,1
530,33,29876,cliente530@exemplo.com,0
531,43,26138,cliente531@exemplo.com,0
532,26,65584,cliente532@exemplo.com,2
533,53,85262,cliente533@exemplo.com,1
534,24,82988,cliente534@exemplo.com,1
535,35,49471,cliente535@exemplo.com,2
536,25,24929,cliente536@exemplo.com,0
537,38,39092,cliente537@exemplo.com,0
538,43,41943,cliente538@exemplo.com,2
539,20,52694,cliente539@exemplo.com,2
540,78,31129,cliente540@exemplo.com,0
541,34,33314,cliente541@exemplo.com,0
542,74,76717,cliente542@exemplo.com,1
543,68,72133,cliente543@exemplo.com,1
544,63,55610,cliente544@exemplo.com,2
545,41,12514,cliente545@exemplo.com,0
546,42,86573,cliente546@exemplo.com,1
547,22,90273,cliente547@exemplo.com,1
548,54,61235,cliente548@exemplo.com,2
549,62,30368,cliente549@exemplo.com,0
550,67,29991,cliente550@exemplo.com,0
551,41,83356,cliente551@exemplo.com,1
552,48,47219,cliente552@exemplo.com,2
553,72,82557,cliente553@exemplo.com,1
554,43,16932,cliente554@exemplo.com,0
555,38,22369,cliente555@exemplo.com,0
556,51,94908,cliente556@exemplo.com,1
557,55,77622,cliente557@exemplo.com,1
558,75,99034,cliente558@exemplo.com,1
559,41,22837,cliente559@exemplo.com,0
560,45,43130,cliente560@exemplo.com,2
561,47,14648,cliente561@exemplo.com,0
562,51,87595,cliente562@exemplo.com,1
563,69,89492,cliente563@exemplo.com,1
564,71,60951,cliente564@exemplo.com,2
565,73,82664,cliente565@exemplo.com,1
566,69,56680,cliente566@exemplo.com,2
567,40,75775,cliente567@exemplo.com,1
568,72,24223,cliente568@exemplo.com,0
569,25,37018,cliente569@exemplo.com,0
570,59,82851,cliente570@exemplo.com,1
571,67,45661,cliente571@exemplo.com,2
572,27,81653,cliente572@exemplo.com,1
573,72,52898,cliente573@exemplo.com,2
574,18,50391,cliente574@exemplo.com,2
575,37,22448,cliente575@exemplo.com,0
576,74,13436,cliente576@exemplo.com,0
577,54,99383,cliente577@exemplo.com,1
578,35,56462,cliente578@exemplo.com,2
579,38,46980,cliente579@exemplo.com,2
580,71,69364,cliente580@exemplo.com,2
581,66,89850,cliente581@exemplo.com,1
582,21,88772,cliente582@exemplo.com,1
583,80,32746,cliente583@exemplo.com,0
584,60,87800,cliente584@exemplo.com,1
585,19,69600,cliente585@exemplo.com,2
586,38,68158,cliente586@exemplo.com,2
587,54,82928,cliente587@exemplo.com,1
588,22,45422,cliente588@exemplo.com,2
589,34,63015,cliente589@exemplo.com,2
590,66,30111,cliente590@exemplo.com,0
591,65,63420,cliente591@exemplo.com,2
592,28,57699,cliente592@exemplo.com,2
593,63,80775,cliente593@exemplo.com,1
594,58,27975,cliente594@exemplo.com,0
595,48,23666,cliente595@exemplo.com,0
596,45,21675,cliente596@exemplo.com,0
597,61,16445,cliente597@exemplo.com,0
598,49,23649,cliente598@exemplo.com,0
599,38,13799,cliente599@exemplo.com,0
600,24,74923,cliente600@exemplo.com,1
601,27,10432,cliente601@exemplo.com,0
602,78,69351,cliente602@exemplo.com,2
603,45,97429,cliente603@exemplo.com,1
604,65,34953,cliente604@exemplo.com,0
605,53,63479,cliente605@exemplo.com,2
606,37,39409,cliente606@exemplo.com,0
607,30,23282,cliente607@exemplo.com,0
608,36,60972,cliente608@exemplo.com,2
609,67,37892,cliente609@exemplo.com,0
610,28,58193,cliente610@exemplo.com,2
611,52,28500,cliente611@exemplo.com,0
612,51,81420,cliente612@exemplo.com,1
613,61,10370,cliente613@exemplo.com,0
614,21,49841,cliente614@exemplo.com,2
615,30,89222,cliente615@exemplo.com,1
616,54,31603,cliente616@exemplo.com,0
617,76,50921,cliente617@exemplo.com,2
618,19,89809,cliente618@exemplo.com,1
619,67,60787,cliente619@exemplo.com,2
620,18,69463,cliente620@exemplo.com,2
621,57,37137,cliente621@exemplo.com,0
622,42,59281,cliente622@exemplo.com,2
623,76,47063,cliente623@exemplo.com,2
624,54,21929,cliente624@exemplo.com,0
625,53,52084,cliente625@exemplo.com,2
626,23,29021,cliente626@exemplo.com,0
627,24,50556,cliente627@exemplo.com,2
628,21,46018,cliente628@exemplo.com,2
629,52,11435,cliente629@exemplo.com,0
630,75,79728,cliente630@exemplo.com,1
631,58,60731,cliente631@exemplo.com,2
632,78,79395,cliente632@exemplo.com,1
633,51,98418,cliente633@exemplo.com,1
634,46,93245,cliente634@exemplo.com,1
635,22,83828,cliente635@exemplo.com,1
636,44,96352,cliente636@exemplo.com,1
637,50,71552,cliente637@exemplo.com,1
638,74,64137,cliente638@exemplo.com,2
639,63,66235,cliente639@exemplo.com,2
640,69,58579,cliente640@exemplo.com,2
641,27,57624,cliente641@exemplo.com,2
642,71,16720,cliente642@exemplo.com,0
643,23,75908,cliente643@exemplo.com,1
644,51,71332,cliente644@exemplo.com,1
645,25,78704,cliente645@exemplo.com,1
646,79,93426,cliente646@exemplo.com,1
647,48,39547,cliente647@exemplo.com,0
648,26,22629,cliente648@exemplo.com,0
649,72,16424,cliente649@exemplo.com,0
650,38,51986,cliente650@exemplo.com,2
651,25,98573,cliente651@exemplo.com,1
652,21,59526,cliente652@exemplo.com,2
653,39,23151,cliente653@exemplo.com,0
654,45,79697,cliente654@exemplo.com,1
655,62,78048,cliente655@exemplo.com,1
656,21,65666,cliente656@exemplo.com,2
657,56,58661,cliente657@exemplo.com,2
658,38,32383,cliente658@exemplo.com,0
659,25,84529,cliente659@exemplo.com,1
660,37,31634,cliente660@exemplo.com,0
661,49,70136,cliente661@exemplo.com,2
662,18,30855,cliente662@exemplo.com,0
663,23,13983,cliente663@exemplo.com,0
664,45,47703,cliente664@exemplo.com,2
665,61,49709,cliente665@exemplo.com,2
666,48,29169,cliente666@exemplo.com,0
667,27,24640,cliente667@exemplo.com,0
668,37,76481,cliente668@exemplo.com,1
669,25,10848,cliente669@exemplo.com,0
670,39,38856,cliente670@exemplo.com,0
671,55,17640,cliente671@exemplo.com,0
672,46,23189,cliente672@exemplo.com,0
673,26,64522,cliente673@exemplo.com,2
674,61,62330,cliente674@exemplo.com,2
675,64,66593,cliente675@exemplo.com,2
676,18,77629,cliente676@exemplo.com,1
677,58,62246,cliente677@exemplo.com,2
678,69,72689,cliente678@exemplo.com,1
679,56,99702,cliente679@exemplo.com,1
680,43,71065,cliente680@exemplo.com,1
681,28,74261,cliente681@exemplo.com,1
682,69,36794,cliente682@exemplo.com,0
683,52,27143,cliente683@exemplo.com,0
684,77,96416,cliente684@exemplo.com,1
685,41,15785,cliente685@exemplo.com,0
686,50,48030,cliente686@exemplo.com,2
687,37,76413,cliente687@exemplo.com,1
688,44,83533,cliente688@exemplo.com,1
689,32,38853,cliente689@exemplo.com,0
690,50,75617,cliente690@exemplo.com,1
691,69,70957,cliente691@exemplo.com,1
692,24,22316,cliente692@exemplo.com,0
693,51,22772,cliente693@exemplo.com,0
694,62,30978,cliente694@exemplo.com,0
695,77,79810,cliente695@exemplo.com,1
696,75,13670,cliente696@exemplo.com,0
697,68,81861,cliente697@exemplo.com,1
698,63,86731,cliente698@exemplo.com,1
699,59,15947,cliente699@exemplo.com,0
700,22,69379,cliente700@exemplo.com,2
701,75,89280,cliente701@exemplo.com,1
702,47,96648,cliente702@exemplo.com,1
703,45,43848,cliente703@exemplo.com,2
704,35,30929,cliente704@exemplo.com,0
705,53,44664,cliente705@exemplo.com,2
706,20,42647,cliente706@exemplo.com,2
707,38,74453,cliente707@exemplo.com,1
708,63,53151,cliente708@exemplo.com,2
709,75,45817,cliente709@exemplo.com,2
710,33,86084,cliente710@exemplo.com,1
711,73,49200,cliente711@exemplo.com,2
712,54,78514,cliente712@exemplo.com,1
713,59,32579,cliente713@exemplo.com,0
714,80,80848,cliente714@exemplo.com,1
715,22,28586,cliente715@exemplo.com,0
716,67,36068,cliente716@exemplo.com,0
717,68,41098,cliente717@exemplo.com,2
718,31,82536,cliente718@exemplo.com,1
719,48,77857,cliente719@exemplo.com,1
720,63,85716,cliente720@exemplo.com,1
721,41,77896,cliente721@exemplo.com,1
722,52,20400,cliente722@exemplo.com,0
723,53,23553,cliente723@exemplo.com,0
724,27,75873,cliente724@exemplo.com,1
725,44,27124,cliente725@exemplo.com,0
726,73,69742,cliente726@exemplo.com,2
727,44,71804,cliente727@exemplo.com,1
728,72,46016,cliente728@exemplo.com,2
729,40,10739,cliente729@exemplo.com,0
730,30,23728,cliente730@exemplo.com,0
731,33,48158,cliente731@exemplo.com,2
732,52,96589,cliente732@exemplo.com,1
733,44,84140,cliente733@exemplo.com,1
734,69,14267,cliente734@exemplo.com,0
735,56,88945,cliente735@exemplo.com,1
736,64,92098,cliente736@exemplo.com,1
737,34,70206,cliente737@exemplo.com,2
738,79,69500,cliente738@exemplo.com,2
739,78,32344,cliente739@exemplo.com,0
740,65,28853,cliente740@exemplo.com,0
741,76,53010,cliente741@exemplo.com,2
742,58,18977,cliente742@exemplo.com,0
743,18,30623,cliente743@exemplo.com,0
744,28,92627,cliente744@exemplo.com,1
745,29,19557,cliente745@exemplo.com,0
746,31,39426,cliente746@exemplo.com,0
747,25,29549,cliente747@exemplo.com,0
748,48,89717,cliente748@exemplo.com,1
749,24,58248,cliente749@exemplo.com,2
750,63,24998,cliente750@exemplo.com,0
751,71,15330,cliente751@exemplo.com,0
752,48,34071,cliente752@exemplo.com,0
753,33,85953,cliente753@exemplo.com,1
754,59,31530,cliente754@exemplo.com,0
755,56,72200,cliente755@exemplo.com,1
756,71,67988,cliente756@exemplo.com,2
757,61,25469,cliente757@exemplo.com,0
758,36,72490,cliente758@exemplo.com,1
759,25,42444,cliente759@exemplo.com,2
760,46,53251,cliente760@exemplo.com,2
761,19,95615,cliente761@exemplo.com,1
762,59,32099,cliente762@exemplo.com,0
763,20,90462,cliente763@exemplo.com,1
764,68,14754,cliente764@exemplo.com,0
765,46,54153,cliente765@exemplo.com,2
766,32,61808,cliente766@exemplo.com,2
767,55,86123,cliente767@exemplo.com,1
768,45,37428,cliente768@exemplo.com,0
769,72,74870,cliente769@exemplo.com,1
770,54,74916,cliente770@exemplo.com,1
771,49,15612,cliente771@exemplo.com,0
772,47,60834,cliente772@exemplo.com,2
773,68,39233,cliente773@exemplo.com,0
774,78,98687,cliente774@exemplo.com,1
775,64,73719,cliente775@exemplo.com,1
776,47,21106,cliente776@exemplo.com,0
777,68,34391,cliente777@exemplo.com,0
778,51,46560,cliente778@exemplo.com,2
779,30,85841,cliente779@exemplo.com,1
780,50,94056,cliente780@exemplo.com,1
781,59,57376,cliente781@exemplo.com,2
782,34,16445,cliente782@exemplo.com,0
783,20,65679,cliente783@exemplo.com,2
784,26,42933,cliente784@exemplo.com,2
785,69,92354,cliente785@exemplo.com,1
786,79,43996,cliente786@exemplo.com,2
787,28,84756,cliente787@exemplo.com,1
788,66,31427,cliente788@exemplo.com,0
789,44,74552,cliente789@exemplo.com,1
790,45,38558,cliente790@exemplo.com,0
791,74,54273,cliente791@exemplo.com,2
792,74,90266,cliente792@exemplo.com,1
793,19,83115,cliente793@exemplo.com,1
794,18,46174,cliente794@exemplo.com,2
795,23,14966,cliente795@exemplo.com,0
796,42,48285,cliente796@exemplo.com,2
797,52,96742,cliente797@exemplo.com,1
798,33,49965,cliente798@exemplo.com,2
799,21,84702,cliente799@exemplo.com,1
800,78,33722,cliente800@exemplo.com,0
801,64,27611,cliente801@exemplo.com,0
802,55,33771,cliente802@exemplo.com,0
803,61,17278,cliente803@exemplo.com,0
804,37,46535,cliente804@exemplo.com,2
805,42,25101,cliente805@exemplo.com,0
806,24,60306,cliente806@exemplo.com,2
807,38,99753,cliente807@exemplo.com,1
808,24,93584,cliente808@exemplo.com,1
809,46,29807,cliente809@exemplo.com,0
810,69,75720,cliente810@exemplo.com,1
811,24,50046,cliente811@exemplo.com,2
812,20,54742,cliente812@exemplo.com,2
813,46,80610,cliente813@exemplo.com,1
814,46,41318,cliente814@exemplo.com,2
815,56,42511,cliente815@exemplo.com,2
816,55,88587,cliente816@exemplo.com,1
817,77,61917,cliente817@exemplo.com,2
818,23,16462,cliente818@exemplo.com,0
819,63,63203,cliente819@exemplo.com,2
820,27,57263,cliente820@exemplo.com,2
821,54,14983,cliente821@exemplo.com,0
822,72,83628,cliente822@exemplo.com,1
823,31,69707,cliente823@exemplo.com,2
824,39,72968,cliente824@exemplo.com,1
825,77,39011,cliente825@exemplo.com,0
826,49,52344,cliente826@exemplo.com,2
827,35,99689,cliente827@exemplo.com,1
828,53,87807,cliente828@exemplo.com,1
829,63,13869,cliente829@exemplo.com,0
830,69,74284,cliente830@exemplo.com,1
831,76,35652,cliente831@exemplo.com,0
832,26,74810,cliente832@exemplo.com,1
833,80,46564,cliente833@exemplo.com,2
834,43,15393,cliente834@exemplo.com,0
835,39,54711,cliente835@exemplo.com,2
836,63,44274,cliente836@exemplo.com,2
837,55,25920,cliente837@exemplo.com,0
838,40,90086,cliente838@exemplo.com,1
839,34,17213,cliente839@exemplo.com,0
840,43,43914,cliente840@exemplo.com,2
841,64,72998,cliente841@exemplo.com,1
842,73,38903,cliente842@exemplo.com,0
843,55,32014,cliente843@exemplo.com,0
844,19,25708,cliente844@exemplo.com,0
845,23,27729,cliente845@exemplo.com,0
846,24,11365,cliente846@exemplo.com,0
847,30,73298,cliente847@exemplo.com,1
848,44,89392,cliente848@exemplo.com,1
849,28,94402,cliente849@exemplo.com,1
850,77,66227,cliente850@exemplo.com,2
851,72,36613,cliente851@exemplo.com,0
852,32,28583,cliente852@exemplo.com,0
853,80,26371,cliente853@exemplo.com,0
854,26,12170,cliente854@exemplo.com,0
855,25,61282,cliente855@exemplo.com,2
856,63,47990,cliente856@exemplo.com,2
857,23,92009,cliente857@exemplo.com,1
858,65,68094,cliente858@exemplo.com,2
859,77,13185,cliente859@exemplo.com,0
860,60,18347,cliente860@exemplo.com,0
861,21,45081,cliente861@exemplo.com,2
862,28,87939,cliente862@exemplo.com,1
863,68,77409,cliente863@exemplo.com,1
864,75,22683,cliente864@exemplo.com,0
865,45,31568,cliente865@exemplo.com,0
866,43,45063,cliente866@exemplo.com,2
867,21,29961,cliente867@exemplo.com,0
868,79,27700,cliente868@exemplo.com,0
869,32,18211,cliente869@exemplo.com,0
870,36,95701,cliente870@exemplo.com,1
871,23,91598,cliente871@exemplo.com,1
872,76,41940,cliente872@exemplo.com,2
873,22,64441,cliente873@exemplo.com,2
874,35,29088,cliente874@exemplo.com,0
875,23,91541,cliente875@exemplo.com,1
876,48,36720,cliente876@exemplo.com,0
877,42,39827,cliente877@exemplo.com,0
878,21,27800,cliente878@exemplo.com,0
879,23,64078,cliente879@exemplo.com,2
880,58,11193,cliente880@exemplo.com,0
881,54,52826,cliente881@exemplo.com,2
882,76,67446,cliente882@exemplo.com,2
883,67,19820,cliente883@exemplo.com,0
884,73,58223,cliente884@exemplo.com,2
885,42,76443,cliente885@exemplo.com,1
886,51,55639,cliente886@exemplo.com,2
887,36,90759,cliente887@exemplo.com,1
888,51,43865,cliente888@exemplo.com,2
889,32,61032,cliente889@exemplo.com,2
890,67,45560,cliente890@exemplo.com,2
891,25,68593,cliente891@exemplo.com,2
892,71,71243,cliente892@exemplo.com,1
893,61,96734,cliente893@exemplo.com,1
894,64,57085,cliente894@exemplo.com,2
895,66,54559,cliente895@exemplo.com,2
896,70,84756,cliente896@exemplo.com,1
897,51,73382,cliente897@exemplo.com,1
898,35,11716,cliente898@exemplo.com,0
899,47,57170,cliente899@exemplo.com,2
900,30,95831,cliente900@exemplo.com,1
901,72,17533,cliente901@exemplo.com,0
902,64,36952,cliente902@exemplo.com,0
903,72,18527,cliente903@exemplo.com,0
904,50,24809,cliente904@exemplo.com,0
905,52,84969,cliente905@exemplo.com,1
906,69,31395,cliente906@exemplo.com,0
907,41,50766,cliente907@exemplo.com,2
908,78,18989,cliente908@exemplo.com,0
909,43,21133,cliente909@exemplo.com,0
910,64,32627,cliente910@exemplo.com,0
911,68,42282,cliente911@exemplo.com,2
912,61,21111,cliente912@exemplo.com,0
913,70,39951,cliente913@exemplo.com,0
914,59,17752,cliente914@exemplo.com,0
915,64,92175,cliente915@exemplo.com,1
916,18,99955,cliente916@exemplo.com,1
917,30,49538,cliente917@exemplo.com,2
918,72,75198,cliente918@exemplo.com,1
919,27,68890,cliente919@exemplo.com,2
920,36,26074,cliente920@exemplo.com,0
921,22,41231,cliente921@exemplo.com,2
922,25,97391,cliente922@exemplo.com,1
923,21,39659,cliente923@exemplo.com,0
924,66,11677,cliente924@exemplo.com,0
925,30,31454,cliente925@exemplo.com,0
926,55,81685,cliente926@exemplo.com,1
927,70,34983,cliente927@exemplo.com,0
928,63,81271,cliente928@exemplo.com,1
929,66,25409,cliente929@exemplo.com,0
930,63,60533,cliente930@exemplo.com,2
931,36,28293,cliente931@exemplo.com,0
932,69,66248,cliente932@exemplo.com,2
933,67,74939,cliente933@exemplo.com,1
934,25,79784,cliente934@exemplo.com,1
935,44,95329,cliente935@exemplo.com,1
936,67,72997,cliente936@exemplo.com,1
937,64,98030,cliente937@exemplo.com,1
938,47,55119,cliente938@exemplo.com,2
939,21,64617,cliente939@exemplo.com,2
940,28,99381,cliente940@exemplo.com,1
941,38,94913,cliente941@exemplo.com,1
942,60,97208,cliente942@exemplo.com,1
943,19,80129,cliente943@exemplo.com,1
944,73,86138,cliente944@exemplo.com,1
945,38,66543,cliente945@exemplo.com,2
946,34,85040,cliente946@exemplo.com,1
947,60,49105,cliente947@exemplo.com,2
948,68,15241,cliente948@exemplo.com,0
949,46,92293,cliente949@exemplo.com,1
950,44,10833,cliente950@exemplo.com,0
951,41,65332,cliente951@exemplo.com,2
952,70,24074,cliente952@exemplo.com,0
953,66,12073,cliente953@exemplo.com,0
954,20,87772,cliente954@exemplo.com,1
955,56,81752,cliente955@exemplo.com,1
956,27,57628,cliente956@exemplo.com,2
957,20,40403,cliente957@exemplo.com,0
958,70,32922,cliente958@exemplo.com,0
959,62,98583,cliente959@exemplo.com,1
960,59,27332,cliente960@exemplo.com,0
961,43,25452,cliente961@exemplo.com,0
962,78,28888,cliente962@exemplo.com,0
963,71,48115,cliente963@exemplo.com,2
964,54,45025,cliente964@exemplo.com,2
965,44,76711,cliente965@exemplo.com,1
966,22,97669,cliente966@exemplo.com,1
967,59,60357,cliente967@exemplo.com,2
968,28,96540,cliente968@exemplo.com,1
969,30,75031,cliente969@exemplo.com,1
970,58,97471,cliente970@exemplo.com,1
971,51,20350,cliente971@exemplo.com,0
972,55,75374,cliente972@exemplo.com,1
973,57,48547,cliente973@exemplo.com,2
974,50,44026,cliente974@exemplo.com,2
975,76,44669,cliente975@exemplo.com,2
976,51,15042,cliente976@exemplo.com,0
977,44,91473,cliente977@exemplo.com,1
978,53,59746,cliente978@exemplo.com,2
979,43,93406,cliente979@exemplo.com,1
980,68,73483,cliente980@exemplo.com,1
981,42,39785,cliente981@exemplo.com,0
982,36,42869,cliente982@exemplo.com,2
983,38,37000,cliente983@exemplo.com,0
984,48,63432,cliente984@exemplo.com,2
985,46,24920,cliente985@exemplo.com,0
986,26,53042,cliente986@exemplo.com,2
987,36,60138,cliente987@exemplo.com,2
988,43,51483,cliente988@exemplo.com,2
989,42,94588,cliente989@exemplo.com,1
990,57,20600,cliente990@exemplo.com,0
991,60,49332,cliente991@exemplo.com,2
992,77,30350,cliente992@exemplo.com,0
993,46,62401,cliente993@exemplo.com,2
994,42,30428,cliente994@exemplo.com,0
995,36,48704,cliente995@exemplo.com,2
996,21,96602,cliente996@exemplo.com,1
997,62,90477,cliente997@exemplo.com,1
998,37,55770,cliente998@exemplo.com,2
999,63,45569,cliente999@exemplo.com,2
1000,72,17463,cliente1000@exemplo.com,0
