ClienteID,Idade,Renda Anual (milhares de dólares),Email,Última Compra
1,46,38.929,mhchtojy@example.com,móveis
2,61,41.121,tleonakd@example.com,celulares
3,32,181.905,kazhsxjc@example.com,mercado
4,35,22.031,dukajnae@example.com,celulares
5,45,132.259,bckbemze@example.com,eletrodomésticos
6,67,80.667,zbzwejig@example.com,informática
7,67,140.65,utqblrab@example.com,informática
8,58,196.852,wgtzftgc@example.com,mercado
9,33,113.875,mcdrcfwy@example.com,mercado
10,26,179.381,zzpciyxd@example.com,celulares
11,73,127.734,fwhpzego@example.com,eletrodomésticos
12,30,36.603,szzrciuq@example.com,informática
13,20,104.839,cbrazfvb@example.com,eletrodomésticos
14,68,199.34,mayprpjo@example.com,mercado
15,23,25.03,yamfmmyr@example.com,celulares
16,56,198.169,ksqdwras@example.com,móveis
17,27,157.758,itxbtcpy@example.com,mercado
18,54,168.866,zhiemtnt@example.com,informática
19,67,101.313,fgkbxhzb@example.com,mercado
20,55,97.085,agzhljpt@example.com,informática
21,54,37.292,gdhdivah@example.com,mercado
22,35,175.586,hdxmlxug@example.com,celulares
23,79,179.218,iegdunom@example.com,informática
24,50,82.374,tvcwwtdk@example.com,celulares
25,34,174.988,yqtzrxsr@example.com,eletrodomésticos
26,61,51.938,aapjoqrs@example.com,móveis
27,63,45.474,vrsixbqd@example.com,celulares
28,57,149.896,qlcgblqd@example.com,eletrodomésticos
29,18,46.585,deoiuvcb@example.com,móveis
30,56,89.825,diwvuqtx@example.com,móveis
31,31,92.487,xseoytsn@example.com,móveis
32,74,150.255,vlvlkhnr@example.com,mercado
33,50,168.538,cwmmedxe@example.com,mercado
34,48,167.716,cbftewcm@example.com,eletrodomésticos
35,45,52.185,cmgtqhdf@example.com,informática
36,71,116.689,pnbxboph@example.com,móveis
37,76,116.228,cykswgwg@example.com,celulares
38,33,100.062,mmoqedgg@example.com,celulares
39,61,32.529,ssqlermp@example.com,eletrodomésticos
40,32,148.655,pqrgkrsc@example.com,eletrodomésticos
41,36,81.677,dgdsqsnx@example.com,mercado
42,51,110.189,rludpaoi@example.com,eletrodomésticos
43,52,138.652,ouzdoftr@example.com,informática
44,61,80.516,rqnjzjot@example.com,celulares
45,23,51.621,ccmnejbh@example.com,mercado
46,47,105.297,xorczavl@example.com,mercado
47,34,80.244,geurdlhe@example.com,celulares
48,78,97.251,uxkwwiri@example.com,mercado
49,44,121.976,dfytqoub@example.com,eletrodomésticos
50,30,96.382,ocpafmcr@example.com,informática
51,45,154.285,krprdywz@example.com,celulares
52,22,64.804,asxutbue@example.com,mercado
53,54,128.498,rgogwgkc@example.com,móveis
54,33,114.014,jypbwfav@example.com,mercado
55,24,115.367,vnquamsf@example.com,móveis
56,68,160.646,uaafhuoh@example.com,mercado
57,22,87.631,udcjhjnp@example.com,móveis
58,46,64.87,laejnchc@example.com,informática
59,55,95.408,ctdkythb@example.com,informática
60,24,166.152,rivtseik@example.com,mercado
61,27,107.099,gvxzrxmf@example.com,mercado
62,32,174.783,mvvdryfm@example.com,informática
63,58,72.602,fflglxir@example.com,mercado
64,75,26.352,hdusxbxk@example.com,mercado
65,36,196.158,caxhfgvv@example.com,informática
66,43,151.718,xhmlikby@example.com,mercado
67,22,78.612,zztoxyiq@example.com,mercado
68,49,175.963,mlwqopvw@example.com,mercado
69,51,175.737,osjhilto@example.com,celulares
70,45,174.697,nqpmgsue@example.com,móveis
71,28,167.126,lcijvfgx@example.com,mercado
72,27,199.778,kqnsziei@example.com,mercado
73,26,141.902,qgwggowr@example.com,celulares
74,41,72.777,egndmznz@example.com,móveis
75,25,84.435,zfdgoour@example.com,móveis
76,33,87.315,xyjocsxj@example.com,mercado
77,24,67.798,mmzgbkbw@example.com,móveis
78,66,108.564,psasyoux@example.com,informática
79,50,96.255,sznmubam@example.com,móveis
80,31,150.602,zviskukc@example.com,celulares
81,50,25.015,yrqywarm@example.com,informática
82,77,187.933,wcylwiwg@example.com,mercado
83,62,168.111,heuacnew@example.com,informática
84,27,44.489,pdsxbgit@example.com,móveis
85,79,188.036,sefolxch@example.com,informática
86,51,24.475,hysboxao@example.com,eletrodomésticos
87,34,38.15,wradzjcv@example.com,informática
88,29,43.697,mzrnnwcu@example.com,informática
89,26,27.957,oxpglrvm@example.com,informática
90,55,65.897,pbssfgab@example.com,mercado
91,62,76.602,zjkpegnk@example.com,celulares
92,77,189.743,dkdcfalm@example.com,móveis
93,26,190.094,sxnvvqrv@example.com,móveis
94,60,156.249,ywnskcla@example.com,móveis
95,23,106.146,boznabcr@example.com,mercado
96,69,134.303,jlkfdnsg@example.com,celulares
97,49,198.282,ljzuzmfa@example.com,informática
98,68,22.259,jmfrvtob@example.com,informática
99,67,176.431,trsxlycf@example.com,celulares
100,41,121.563,huxdhpba@example.com,mercado
101,68,138.401,xldpfdic@example.com,eletrodomésticos
102,71,43.871,snkmnegv@example.com,móveis
103,48,92.402,qpwesplf@example.com,informática
104,58,146.539,irjamerc@example.com,eletrodomésticos
105,25,118.807,ztctwozx@example.com,mercado
106,37,57.158,nrfmefyj@example.com,móveis
107,25,184.058,ivgrdtkc@example.com,móveis
108,53,40.087,xlihyirt@example.com,mercado
109,23,198.962,bsddxfhj@example.com,eletrodomésticos
110,79,179.61,gdbxddvj@example.com,mercado
111,58,172.216,burzepjw@example.com,eletrodomésticos
112,68,21.763,xxvijehh@example.com,móveis
113,70,51.95,qkndvzcm@example.com,informática
114,70,147.532,txkwrphl@example.com,informática
115,74,91.118,zwqzbcjh@example.com,informática
116,60,92.803,vmzuomoy@example.com,celulares
117,43,42.431,lekdsaxk@example.com,mercado
118,68,62.451,wmryevsc@example.com,informática
119,62,146.577,vfobjcin@example.com,informática
120,36,33.899,njtvlnwj@example.com,mercado
121,72,115.383,wjckzijs@example.com,eletrodomésticos
122,64,72.09,gcecbuyo@example.com,mercado
123,47,194.389,enzwhwcm@example.com,móveis
124,20,74.213,dniolnir@example.com,eletrodomésticos
125,68,25.262,lcimawbx@example.com,mercado
126,40,40.471,sgndguzf@example.com,mercado
127,20,174.728,fubcnhlh@example.com,informática
128,59,86.988,srgmvdyy@example.com,eletrodomésticos
129,71,33.408,opzfjsns@example.com,eletrodomésticos
130,55,187.02,vskwddgm@example.com,informática
131,55,180.125,uvdqwmgz@example.com,eletrodomésticos
132,74,183.233,isuvjagp@example.com,móveis
133,54,84.23,rhtqpqnc@example.com,mercado
134,42,127.622,updbkzfa@example.com,informática
135,39,52.489,kwtcsfau@example.com,eletrodomésticos
136,39,162.519,ybwfarom@example.com,mercado
137,30,197.165,jnxejbhp@example.com,celulares
138,57,111.716,fgmmugkv@example.com,mercado
139,61,52.388,dnaotchh@example.com,celulares
140,76,66.306,etjtldgz@example.com,mercado
141,44,147.482,jdtmlujy@example.com,mercado
142,47,100.933,htvekdke@example.com,eletrodomésticos
143,18,123.189,mtnckzkr@example.com,informática
144,20,93.543,utrfzqam@example.com,móveis
145,73,49.016,muthjxfz@example.com,informática
146,19,161.227,zxamdppw@example.com,celulares
147,54,177.877,njnvckqh@example.com,móveis
148,41,111.108,mczdxikn@example.com,celulares
149,45,144.919,daolzdka@example.com,informática
150,45,87.164,gwdwzdfr@example.com,informática
151,37,133.356,fvpumslo@example.com,mercado
152,51,75.255,rrpusnrn@example.com,móveis
153,40,34.31,rfrxlshc@example.com,informática
154,45,54.664,bksehnuq@example.com,móveis
155,27,38.444,dizalput@example.com,mercado
156,68,121.83,htxqosuj@example.com,móveis
157,68,150.66,jxhgbfgl@example.com,celulares
158,78,24.327,dbfifqmh@example.com,informática
159,54,128.372,fwsnzqyf@example.com,mercado
160,29,162.132,hplvcbju@example.com,mercado
161,38,25.648,qrpartco@example.com,informática
162,25,184.969,ghelqojw@example.com,eletrodomésticos
163,29,112.572,oracjgpq@example.com,informática
164,50,48.087,noqtpbzc@example.com,celulares
165,69,44.094,qtcfyjnm@example.com,informática
166,67,180.241,jgbnurzn@example.com,eletrodomésticos
167,58,46.561,wxekjdgo@example.com,celulares
168,50,191.964,smsdvagb@example.com,eletrodomésticos
169,24,113.185,viicjzbc@example.com,eletrodomésticos
170,49,101.295,rfftnulc@example.com,informática
171,36,83.933,cultsmzl@example.com,móveis
172,41,163.748,elyxueze@example.com,celulares
173,36,117.929,mbbnxkzg@example.com,mercado
174,42,90.942,amstcmzm@example.com,celulares
175,65,145.749,nlwxaurf@example.com,celulares
176,18,135.846,ldvseuwk@example.com,mercado
177,71,62.028,kqjnxbas@example.com,celulares
178,28,56.157,zvprdblp@example.com,móveis
179,53,118.587,smdzgicr@example.com,informática
180,59,174.602,ijjezlxw@example.com,mercado
181,48,169.642,nkibcewg@example.com,informática
182,71,131.815,tbzwvacm@example.com,móveis
183,46,114.944,vrizdaxt@example.com,eletrodomésticos
184,72,124.13,uhlxkceh@example.com,celulares
185,45,170.957,pitfyeuw@example.com,mercado
186,62,30.458,hovhjanh@example.com,celulares
187,72,22.355,wrwyriqb@example.com,móveis
188,56,37.203,yntyruad@example.com,mercado
189,45,165.591,fpzmpugo@example.com,celulares
190,45,136.302,yrkhzugm@example.com,informática
191,70,122.665,gxqyjwqf@example.com,mercado
192,19,36.258,sqyewqvk@example.com,celulares
193,74,37.398,ewwcgwdw@example.com,móveis
194,20,85.49,uolzfytv@example.com,eletrodomésticos
195,36,165.99,oetifiqd@example.com,mercado
196,38,96.659,ozzdqytw@example.com,celulares
197,28,197.712,sflpdgbh@example.com,eletrodomésticos
198,48,190.073,ssirygkt@example.com,informática
199,29,182.156,tdgbrvhx@example.com,celulares
200,33,34.139,fkhhhxfj@example.com,mercado
201,68,117.441,vvizodgm@example.com,móveis
202,19,176.745,dacnobzr@example.com,mercado
203,74,149.065,jmeuzbzp@example.com,eletrodomésticos
204,70,151.343,vcovubrj@example.com,móveis
205,21,189.188,ozrinqrt@example.com,informática
206,53,129.839,vmtesvdm@example.com,móveis
207,53,122.826,rikburhm@example.com,móveis
208,65,114.91,qmabjzbo@example.com,móveis
209,65,178.109,dlafohfu@example.com,móveis
210,56,171.519,dkbekmoh@example.com,celulares
211,31,99.902,kxbdsxlh@example.com,mercado
212,36,159.066,bsvqyzzd@example.com,eletrodomésticos
213,42,113.226,cbslutdu@example.com,mercado
214,50,129.428,ntuboxgx@example.com,informática
215,30,25.42,hfzyubkc@example.com,mercado
216,40,38.878,uupuhxwe@example.com,informática
217,61,177.035,gqwurofh@example.com,informática
218,66,130.348,lkqwfwli@example.com,móveis
219,30,189.617,dltexgah@example.com,eletrodomésticos
220,58,135.514,ugisxbhu@example.com,eletrodomésticos
221,30,124.436,whhmakru@example.com,celulares
222,49,114.764,rbuafcky@example.com,eletrodomésticos
223,54,137.967,acysxqqj@example.com,informática
224,38,94.05,naaxsari@example.com,mercado
225,60,127.812,jxtxgqkh@example.com,celulares
226,25,81.777,ajctoeid@example.com,informática
227,32,21.031,khpiidoo@example.com,mercado
228,31,113.003,qwlhokiq@example.com,eletrodomésticos
229,69,132.898,fqitydaf@example.com,celulares
230,78,139.248,kxmtscte@example.com,mercado
231,48,119.668,sjqmejiw@example.com,informática
232,23,26.742,nusbvssu@example.com,eletrodomésticos
233,53,68.617,noxkjkmv@example.com,móveis
234,55,81.172,mcclvhwz@example.com,eletrodomésticos
235,20,77.663,ddmvfmnp@example.com,celulares
236,32,56.532,vdutnumw@example.com,mercado
237,49,86.695,otnngtub@example.com,celulares
238,76,130.697,henlrccg@example.com,mercado
239,19,87.175,uwltrdhf@example.com,eletrodomésticos
240,20,176.743,pposzlga@example.com,eletrodomésticos
241,53,92.49,aycxuter@example.com,celulares
242,61,71.009,axsvdiwi@example.com,informática
243,60,65.093,ovqtlaax@example.com,celulares
244,77,197.177,qsobvphm@example.com,celulares
245,42,178.446,usmjczuz@example.com,mercado
246,78,162.069,yialanyy@example.com,celulares
247,41,197.0,iarfcaxw@example.com,eletrodomésticos
248,23,169.014,wijykaax@example.com,móveis
249,65,115.667,pusbofjc@example.com,eletrodomésticos
250,68,140.566,jfxyypyd@example.com,móveis
251,27,110.372,txyitxcn@example.com,informática
252,48,104.926,pnikhxfq@example.com,eletrodomésticos
253,66,138.608,itywcoae@example.com,informática
254,20,62.963,qrescdlz@example.com,móveis
255,79,76.696,cbegsmqw@example.com,celulares
256,39,129.611,lkxmgsmz@example.com,eletrodomésticos
257,23,54.088,qxdlekad@example.com,eletrodomésticos
258,74,89.282,qjmzuugm@example.com,informática
259,20,131.763,jlihnezz@example.com,celulares
260,77,49.183,ygvlnjtm@example.com,celulares
261,34,41.657,trxhtzww@example.com,móveis
262,60,26.297,igaxnzhe@example.com,informática
263,45,87.885,nbbjpeee@example.com,celulares
264,56,127.265,dqqxklcl@example.com,eletrodomésticos
265,41,157.781,ucusvbvk@example.com,celulares
266,71,95.366,vtpzhgta@example.com,celulares
267,56,102.387,zedpvgsf@example.com,celulares
268,37,53.154,tgrsgjly@example.com,informática
269,55,50.707,gritcdsf@example.com,mercado
270,72,128.547,svtendsh@example.com,móveis
271,67,194.977,hgvkexkm@example.com,móveis
272,61,28.893,odzwtvxn@example.com,móveis
273,19,146.765,puiwpzie@example.com,celulares
274,50,190.281,fjdovacf@example.com,celulares
275,62,73.325,icxrwwjn@example.com,móveis
276,73,44.699,axecrmok@example.com,móveis
277,43,167.825,rqqemxib@example.com,móveis
278,77,82.075,cldbktzd@example.com,celulares
279,27,96.837,masqjavx@example.com,mercado
280,46,21.187,rvprrvzw@example.com,mercado
281,57,131.346,idrmsqyz@example.com,celulares
282,79,47.368,xkneizif@example.com,informática
283,42,64.764,fukaunid@example.com,celulares
284,23,52.142,jghdouej@example.com,informática
285,74,168.457,excgfkyd@example.com,eletrodomésticos
286,60,165.682,fggscndt@example.com,mercado
287,21,189.47,fxtmttrk@example.com,celulares
288,32,72.37,ccgimfxo@example.com,móveis
289,19,154.933,njwcwjsp@example.com,celulares
290,25,144.624,plcdeczv@example.com,mercado
291,63,74.661,aiqypain@example.com,celulares
292,66,197.446,gerkhnip@example.com,mercado
293,31,121.976,oodzawrh@example.com,móveis
294,59,53.704,ciasupnz@example.com,informática
295,53,148.543,akfavjry@example.com,mercado
296,23,120.359,lpypvnoo@example.com,eletrodomésticos
297,49,128.479,lhmqgyds@example.com,mercado
298,28,119.176,wbydaurg@example.com,mercado
299,63,176.476,vstqnatr@example.com,mercado
300,31,97.197,tkpkascy@example.com,móveis
301,24,59.14,befcpkgy@example.com,eletrodomésticos
302,47,55.087,twbjswdn@example.com,eletrodomésticos
303,28,150.868,utophkfe@example.com,celulares
304,22,92.483,fupidhny@example.com,informática
305,45,74.639,qqkjynrq@example.com,mercado
306,25,185.406,fkwkpqry@example.com,móveis
307,79,128.431,xoyqgzeo@example.com,celulares
308,64,134.144,bzwgstkq@example.com,mercado
309,29,188.029,etabyaxe@example.com,eletrodomésticos
310,40,111.342,ghqtnlwm@example.com,móveis
311,44,60.546,hdbxoztq@example.com,mercado
312,26,87.562,syoseqfn@example.com,eletrodomésticos
313,42,108.806,hvmyftgk@example.com,mercado
314,30,152.77,rnyioaau@example.com,mercado
315,46,69.935,dwqpxneo@example.com,móveis
316,44,97.59,xkagivgb@example.com,informática
317,50,179.893,bkxnllql@example.com,mercado
318,23,147.621,lcibhfru@example.com,móveis
319,75,181.653,yidsbhui@example.com,celulares
320,41,125.636,fqgpwatk@example.com,mercado
321,41,150.514,blealjou@example.com,mercado
322,50,139.024,bcsyiwjs@example.com,mercado
323,56,125.804,jyqnzmhu@example.com,celulares
324,27,140.303,vlgirthz@example.com,informática
325,46,58.466,llqipuue@example.com,informática
326,25,160.642,yjajcszx@example.com,mercado
327,20,153.63,otsycpyh@example.com,celulares
328,35,109.646,wwentciy@example.com,mercado
329,30,20.007,swdxthnl@example.com,eletrodomésticos
330,39,71.253,hxrdydba@example.com,eletrodomésticos
331,75,113.274,yvaokcsv@example.com,informática
332,49,194.293,wbkvivwn@example.com,informática
333,48,186.864,fzbewfao@example.com,informática
334,53,158.125,zhebxzsz@example.com,celulares
335,66,197.149,dpduhhfn@example.com,móveis
336,49,83.402,bsezhtqq@example.com,celulares
337,62,144.211,xpghikrj@example.com,mercado
338,27,111.848,pwerfszn@example.com,celulares
339,69,65.602,dmgfifoq@example.com,mercado
340,73,130.464,ejkqndaa@example.com,mercado
341,62,30.334,ckisorsc@example.com,eletrodomésticos
342,67,57.34,vyhtrwio@example.com,móveis
343,21,45.039,aqsowwaq@example.com,móveis
344,43,67.275,yixhvasm@example.com,celulares
345,21,141.203,tczkwypl@example.com,móveis
346,36,47.595,bzaqvxjn@example.com,eletrodomésticos
347,38,33.589,xefwlfej@example.com,mercado
348,48,144.5,vpmaajwf@example.com,informática
349,64,133.795,hjzclobi@example.com,eletrodomésticos
350,73,151.189,ujnigsdv@example.com,móveis
351,54,76.73,npcylsmp@example.com,informática
352,56,161.795,qtvvnhpz@example.com,mercado
353,40,102.301,radvkumo@example.com,móveis
354,22,148.97,gnnvsjol@example.com,eletrodomésticos
355,63,184.834,tsqjzumo@example.com,eletrodomésticos
356,50,134.957,qsrqqwpm@example.com,informática
357,46,63.932,vybvtadg@example.com,eletrodomésticos
358,22,31.491,tnbdntxd@example.com,eletrodomésticos
359,78,121.766,ceamwydz@example.com,mercado
360,62,199.99,qoqatqat@example.com,eletrodomésticos
361,46,191.866,zuhgvkzs@example.com,móveis
362,53,96.295,hrvtozbo@example.com,móveis
363,21,108.911,meldlifa@example.com,informática
364,79,83.146,eankhcdz@example.com,celulares
365,72,160.337,orobesqu@example.com,eletrodomésticos
366,33,148.004,qsvkfqrs@example.com,eletrodomésticos
367,26,191.393,dorsuyhw@example.com,eletrodomésticos
368,57,141.882,jbtpmvyi@example.com,eletrodomésticos
369,30,73.527,zvcqiujf@example.com,mercado
370,75,20.897,yopgttvf@example.com,informática
371,23,130.576,koqlfnnz@example.com,móveis
372,40,74.061,ulwkuvpe@example.com,informática
373,19,135.679,fvpbxmae@example.com,eletrodomésticos
374,55,38.942,wxebhhpa@example.com,celulares
375,18,121.569,nntlgztv@example.com,móveis
376,75,122.063,bnexezai@example.com,móveis
377,51,179.405,jmfuoeca@example.com,móveis
378,65,26.451,jxpjdpje@example.com,mercado
379,50,95.452,dmtxcosp@example.com,mercado
380,78,102.146,gdloespu@example.com,móveis
381,79,88.943,rlyukgnt@example.com,móveis
382,27,57.822,xbqvorno@example.com,eletrodomésticos
383,26,23.582,boyuexes@example.com,informática
384,27,34.058,maxxzoke@example.com,eletrodomésticos
385,49,91.11,acwcfamm@example.com,móveis
386,25,97.381,osknnxpo@example.com,celulares
387,61,168.45,zxznkuys@example.com,mercado
388,41,50.398,sncmtsev@example.com,móveis
389,47,157.93,zdwdinhe@example.com,celulares
390,41,183.282,njyfxufm@example.com,informática
391,36,88.998,gvkwfbtv@example.com,celulares
392,71,109.419,bgtgeyhl@example.com,informática
393,57,163.462,gqvgbsvv@example.com,celulares
394,53,189.662,awchbttt@example.com,informática
395,71,70.152,hpshhhao@example.com,móveis
396,37,53.718,deohbdvc@example.com,móveis
397,62,190.43,eecpskzl@example.com,informática
398,69,57.453,tsldtvjk@example.com,informática
399,54,27.038,jiwvvmjc@example.com,mercado
400,69,147.043,tmmhzeud@example.com,móveis
401,43,74.321,exayiniw@example.com,celulares
402,30,34.123,snzevief@example.com,informática
403,44,195.417,fbkovrzq@example.com,eletrodomésticos
404,73,143.423,iebmxrmx@example.com,móveis
405,70,63.731,rhjluaxa@example.com,mercado
406,42,164.492,tdnxdisl@example.com,eletrodomésticos
407,62,139.65,qchxgmnb@example.com,celulares
408,46,173.388,hieinjdm@example.com,eletrodomésticos
409,63,71.096,sowneujf@example.com,móveis
410,24,155.192,xybydxrz@example.com,celulares
411,28,166.565,sijdxezl@example.com,móveis
412,64,163.095,fikdewtm@example.com,eletrodomésticos
413,31,75.633,zgsrieey@example.com,móveis
414,35,38.171,jwgrvdci@example.com,celulares
415,45,45.306,ewupedhc@example.com,mercado
416,64,170.595,wzyqqnfb@example.com,celulares
417,19,75.933,inrnmnoe@example.com,eletrodomésticos
418,33,92.782,efipzdof@example.com,informática
419,49,136.938,uinvgxji@example.com,móveis
420,49,69.748,yqjevrin@example.com,informática
421,62,134.998,cfqhznsq@example.com,mercado
422,21,189.713,bwkqlpxs@example.com,mercado
423,19,119.55,ejkgxypv@example.com,celulares
424,25,154.002,ufhhizft@example.com,móveis
425,48,29.025,stvmmhfd@example.com,mercado
426,78,149.602,zdzsjoxn@example.com,informática
427,28,33.375,jbcmjbwa@example.com,mercado
428,72,139.507,nzeisdaw@example.com,celulares
429,20,121.113,ffrqhwtf@example.com,informática
430,50,97.708,rnumzdty@example.com,eletrodomésticos
431,79,73.814,jfmkuaqk@example.com,celulares
432,45,121.908,imicjagh@example.com,mercado
433,41,192.759,mtcfaink@example.com,eletrodomésticos
434,37,168.796,cxlsosnj@example.com,eletrodomésticos
435,24,75.851,ctolerkz@example.com,móveis
436,42,46.682,klwsxtvl@example.com,informática
437,27,80.504,lbggarih@example.com,informática
438,21,194.489,obxsiiqz@example.com,móveis
439,24,58.156,kghqxmhb@example.com,eletrodomésticos
440,48,55.183,pkxzhhnz@example.com,celulares
441,64,181.893,xcmxrwvs@example.com,celulares
442,62,40.565,tfvpzqoe@example.com,móveis
443,49,66.238,pqfrgcnf@example.com,informática
444,38,194.515,vuxaweqf@example.com,celulares
445,43,87.502,bjitzfnv@example.com,mercado
446,79,198.995,ttlkkzzk@example.com,celulares
447,65,59.343,ydkkcpuf@example.com,mercado
448,32,150.068,pjwvlaln@example.com,móveis
449,23,51.219,hxtfuvtz@example.com,informática
450,76,48.414,vbsgormh@example.com,celulares
451,38,121.418,fhnjaosv@example.com,informática
452,57,166.095,toormgmu@example.com,celulares
453,33,51.085,cwmqugmw@example.com,mercado
454,72,170.937,yuvsctws@example.com,mercado
455,78,46.846,uwqjmiyv@example.com,mercado
456,22,160.961,trxmyfws@example.com,móveis
457,79,133.098,zjzaikrm@example.com,mercado
458,22,32.604,kyduvlwl@example.com,celulares
459,53,94.476,mrbyjglc@example.com,mercado
460,75,145.766,ysqvyltu@example.com,móveis
461,37,182.913,svbuhhni@example.com,celulares
462,65,71.221,bsewxriw@example.com,eletrodomésticos
463,78,113.204,qtzdbrxw@example.com,celulares
464,23,49.828,eldjrnyn@example.com,eletrodomésticos
465,76,130.838,mcbzhbtd@example.com,eletrodomésticos
466,44,128.241,qjjvbiaa@example.com,mercado
467,58,131.531,pqmosofe@example.com,mercado
468,71,93.388,lodddtaa@example.com,celulares
469,55,160.293,hrdpfeyk@example.com,móveis
470,38,102.641,jwrtrdmn@example.com,informática
471,38,168.29,ykigglxf@example.com,móveis
472,48,125.752,zurfjspa@example.com,celulares
473,57,83.289,zhsbfjfh@example.com,eletrodomésticos
474,72,167.651,geqmxgav@example.com,mercado
475,20,27.182,sfcbhgzm@example.com,celulares
476,33,179.056,himtendi@example.com,informática
477,48,101.037,istzybst@example.com,celulares
478,37,172.189,hurbumua@example.com,móveis
479,50,192.342,uvmhizbu@example.com,eletrodomésticos
480,38,190.535,rzefdsed@example.com,celulares
481,20,35.24,womdlosm@example.com,informática
482,18,47.865,vvkddkab@example.com,celulares
483,35,167.915,cwkjpmdt@example.com,móveis
484,44,47.579,feyhttzj@example.com,móveis
485,45,118.484,clchqxxu@example.com,móveis
486,23,63.558,jlnpecck@example.com,informática
487,31,97.957,ppqjogam@example.com,celulares
488,24,27.61,xzvnwyxi@example.com,eletrodomésticos
489,61,144.578,tvwgrbuu@example.com,celulares
490,29,125.665,xovkxgtv@example.com,mercado
491,45,128.265,xvffwkjv@example.com,móveis
492,78,65.078,ssgyrkpw@example.com,celulares
493,34,109.1,kitogkns@example.com,informática
494,61,25.251,invepvxh@example.com,móveis
495,58,185.517,rkdtyigq@example.com,celulares
496,28,133.974,whczxjxi@example.com,eletrodomésticos
497,40,122.691,miqfwtdo@example.com,mercado
498,73,108.958,roxpyncm@example.com,informática
499,26,199.327,kfqhiwfx@example.com,móveis
500,54,89.172,juenrgjq@example.com,celulares
501,44,182.713,hblkejjj@example.com,eletrodomésticos
502,50,75.644,vlljktgd@example.com,celulares
503,61,157.882,kscmslkg@example.com,mercado
504,45,24.981,vlmcifxq@example.com,celulares
505,43,122.381,iilkuuaq@example.com,mercado
506,57,172.478,sieueyvo@example.com,celulares
507,38,129.529,vbbltkjm@example.com,móveis
508,52,167.67,qtjgsfsn@example.com,móveis
509,30,122.388,jloecaql@example.com,móveis
510,36,31.329,nflbvlbg@example.com,informática
511,55,166.603,uumqulmo@example.com,mercado
512,59,156.499,plictrcw@example.com,móveis
513,26,185.905,txjudytl@example.com,mercado
514,72,179.055,jfgzywip@example.com,informática
515,20,84.732,daghipnh@example.com,móveis
516,33,51.686,eakmcpsn@example.com,informática
517,52,133.437,htxfkajk@example.com,informática
518,48,70.61,aotvtqwu@example.com,informática
519,40,146.813,kcyushxk@example.com,mercado
520,18,55.292,bqsktevi@example.com,mercado
521,18,97.558,zavmflfc@example.com,informática
522,73,199.595,qpwrjdir@example.com,mercado
523,26,115.94,oundjlma@example.com,eletrodomésticos
524,61,147.823,yabllouk@example.com,eletrodomésticos
525,35,188.168,bpbykcpa@example.com,eletrodomésticos
526,45,77.684,kqvglfxi@example.com,móveis
527,18,158.999,etjvznob@example.com,mercado
528,74,149.611,njkpczlt@example.com,eletrodomésticos
529,18,25.369,mevtwooa@example.com,móveis
530,42,178.543,uawnybtr@example.com,mercado
531,25,52.025,xqjpikxn@example.com,mercado
532,46,32.31,suphmsmu@example.com,informática
533,32,68.767,kkygkmby@example.com,eletrodomésticos
534,74,105.464,gkhxxkil@example.com,móveis
535,46,78.552,yjiqosym@example.com,eletrodomésticos
536,22,167.654,aeoufzyb@example.com,eletrodomésticos
537,65,198.343,ioxtpgsx@example.com,celulares
538,69,51.587,xdpwluam@example.com,eletrodomésticos
539,21,171.843,pdrymeqv@example.com,móveis
540,76,131.45,damnxumc@example.com,informática
541,59,76.158,zwhoshdb@example.com,mercado
542,71,98.341,zrjmqnhg@example.com,informática
543,30,165.297,chwsywpy@example.com,celulares
544,60,78.663,idwumamy@example.com,móveis
545,41,111.845,ylqqinun@example.com,informática
546,46,173.771,yyqfrxlo@example.com,móveis
547,38,100.158,wwfdvvpi@example.com,celulares
548,22,20.124,gmlpiikl@example.com,celulares
549,30,39.464,xsexundm@example.com,informática
550,21,46.791,wjvrxdsu@example.com,móveis
551,50,81.148,itkckkud@example.com,mercado
552,33,192.872,aywonckw@example.com,eletrodomésticos
553,35,103.838,xwejctzy@example.com,celulares
554,35,127.756,qhwvqrse@example.com,informática
555,41,119.096,bttlhgcc@example.com,mercado
556,34,49.078,baurtmgj@example.com,móveis
557,59,156.577,pjtltpbv@example.com,celulares
558,37,144.018,orgfksih@example.com,móveis
559,38,181.837,ltqvbkgs@example.com,móveis
560,45,109.859,wkjmcpnv@example.com,móveis
561,51,79.9,qufkgpor@example.com,celulares
562,20,81.288,zssnhvwj@example.com,mercado
563,76,31.262,zdmwjhqc@example.com,celulares
564,45,37.222,bybfpazs@example.com,informática
565,23,93.816,nkcfvzhd@example.com,móveis
566,52,158.675,uismntzh@example.com,informática
567,69,106.095,knxxildt@example.com,informática
568,47,138.961,unyntkpw@example.com,celulares
569,50,197.824,dtjsyqwz@example.com,informática
570,76,147.439,cnmunrha@example.com,informática
571,34,167.042,pbvdhdno@example.com,informática
572,20,118.214,orchredp@example.com,celulares
573,29,55.209,ncifnumx@example.com,informática
574,71,72.904,tdomvijx@example.com,móveis
575,28,113.377,lwndmuju@example.com,eletrodomésticos
576,46,20.24,fpqbatdw@example.com,informática
577,55,178.937,ncrepxnx@example.com,móveis
578,77,109.558,zhgzzdzl@example.com,móveis
579,63,144.713,xfeldukf@example.com,eletrodomésticos
580,42,40.385,dabkggmk@example.com,eletrodomésticos
581,25,97.01,jnwmpaaj@example.com,móveis
582,74,64.493,oommwwlg@example.com,móveis
583,54,71.491,mnlcicnz@example.com,mercado
584,22,192.977,leaanqnj@example.com,mercado
585,68,35.537,qnlzrkps@example.com,mercado
586,75,28.629,feuyhwbu@example.com,mercado
587,37,117.977,ovrkznss@example.com,mercado
588,58,115.89,ttbtejaj@example.com,informática
589,51,172.449,pdqtxkwg@example.com,móveis
590,64,31.464,pcpfudpo@example.com,informática
591,24,56.269,wqmkiszz@example.com,informática
592,53,111.371,bdbwzbyl@example.com,eletrodomésticos
593,78,63.487,dgxltqyl@example.com,móveis
594,56,57.989,lezuwvcs@example.com,eletrodomésticos
595,68,114.596,nrvbmluc@example.com,informática
596,41,66.582,yeeakeal@example.com,mercado
597,51,26.988,qmmjcqmp@example.com,celulares
598,50,122.625,lizjbptb@example.com,móveis
599,71,186.404,pgthcxxu@example.com,informática
600,56,166.75,bppkgehw@example.com,eletrodomésticos
601,47,38.486,xejrunox@example.com,celulares
602,66,115.702,eqaujclt@example.com,móveis
603,37,92.652,myzqefdg@example.com,móveis
604,37,69.452,huueoekr@example.com,mercado
605,65,137.877,ytaqjxry@example.com,móveis
606,40,166.563,zhsvckuh@example.com,eletrodomésticos
607,27,123.253,pyceitdy@example.com,celulares
608,71,92.053,qmuhqhyp@example.com,celulares
609,42,114.033,doxgwyah@example.com,informática
610,37,36.88,nbgapdvv@example.com,eletrodomésticos
611,69,146.011,irdouqil@example.com,eletrodomésticos
612,18,147.841,pcqvklsa@example.com,móveis
613,33,121.786,sgomznsy@example.com,informática
614,59,187.309,epuoynjt@example.com,eletrodomésticos
615,55,55.428,dhehdoog@example.com,informática
616,57,102.467,gvummjjt@example.com,informática
617,61,96.82,jnntwcjd@example.com,móveis
618,19,141.51,ecuxopnf@example.com,informática
619,60,130.147,ngeuajyj@example.com,celulares
620,63,180.116,ghkkunqw@example.com,celulares
621,38,194.356,epzhmqdj@example.com,informática
622,54,149.834,ytvtumbo@example.com,móveis
623,78,163.507,hynvivfy@example.com,mercado
624,72,185.774,jnootiyt@example.com,móveis
625,61,143.066,vjbvjujx@example.com,celulares
626,64,33.609,bjrhqphq@example.com,móveis
627,54,80.905,ckxqstkz@example.com,móveis
628,57,132.586,xasdyest@example.com,móveis
629,26,30.896,mwcxxsnt@example.com,celulares
630,62,114.596,ljyhfpvb@example.com,móveis
631,19,57.121,yncejjae@example.com,móveis
632,65,135.237,cbzkgqiw@example.com,informática
633,52,171.24,uwwnpjui@example.com,móveis
634,39,125.495,berramgz@example.com,mercado
635,57,113.182,iunyddqm@example.com,informática
636,63,63.829,biugtfdx@example.com,móveis
637,66,78.712,esayyvmw@example.com,mercado
638,53,188.823,gpkayfmw@example.com,mercado
639,30,167.096,svmgwgtz@example.com,mercado
640,22,78.178,hwukyckg@example.com,celulares
641,54,181.793,exezdhen@example.com,móveis
642,34,86.549,urbiufuo@example.com,eletrodomésticos
643,23,154.923,qtoppzax@example.com,mercado
644,62,158.759,qivduvib@example.com,eletrodomésticos
645,58,190.642,hhrkbvoq@example.com,informática
646,40,136.128,ikvgpedv@example.com,celulares
647,61,170.765,yyqdndap@example.com,eletrodomésticos
648,41,73.412,cklqyyag@example.com,celulares
649,54,136.208,bkmkgiud@example.com,celulares
650,18,111.483,wgfvtued@example.com,informática
651,33,187.141,tfwlzeic@example.com,mercado
652,63,50.154,iiwzcgcv@example.com,móveis
653,41,197.83,wxyilmtd@example.com,mercado
654,42,109.626,blednhdg@example.com,eletrodomésticos
655,28,174.638,thhpeqtu@example.com,mercado
656,46,89.594,opslzbpu@example.com,eletrodomésticos
657,73,149.202,stopuoke@example.com,celulares
658,71,46.075,rorvzewl@example.com,informática
659,26,102.137,wwhwndum@example.com,eletrodomésticos
660,36,114.545,xxucxngl@example.com,mercado
661,22,96.946,xnssvnfr@example.com,informática
662,21,122.009,gtyuuacs@example.com,móveis
663,42,173.985,wycbqmne@example.com,mercado
664,21,153.79,lrncsytv@example.com,móveis
665,74,104.731,nfonbnoz@example.com,móveis
666,72,190.335,ixrsrfgw@example.com,celulares
667,57,139.01,yfxsgddh@example.com,móveis
668,78,72.825,nqjlxmnm@example.com,móveis
669,27,98.658,wjxetqkn@example.com,mercado
670,72,81.127,okogkjja@example.com,mercado
671,23,106.479,qzzlojuo@example.com,eletrodomésticos
672,54,21.013,bnzfoejb@example.com,informática
673,52,42.733,ibhcxsmt@example.com,mercado
674,24,162.875,njixbnuh@example.com,informática
675,36,34.833,uvieheqc@example.com,móveis
676,68,161.686,fvyjnzyz@example.com,celulares
677,58,185.686,wxnfhblq@example.com,informática
678,48,126.274,msreuxpg@example.com,informática
679,77,124.925,kubwdmia@example.com,mercado
680,48,143.072,birvbfop@example.com,eletrodomésticos
681,64,187.593,xmqopuwr@example.com,mercado
682,37,166.44,akravltc@example.com,celulares
683,41,30.544,lwryipxf@example.com,eletrodomésticos
684,55,152.836,pcpajwms@example.com,informática
685,33,33.475,javmtyrn@example.com,informática
686,36,69.229,euumupcm@example.com,eletrodomésticos
687,36,75.279,tljrakbb@example.com,celulares
688,33,90.787,pzccximk@example.com,informática
689,25,165.245,gqxaluok@example.com,celulares
690,41,40.637,xsdeqcmn@example.com,móveis
691,51,150.223,vwlxodha@example.com,celulares
692,47,72.719,nhgbzgqs@example.com,mercado
693,54,55.64,efqfltwc@example.com,mercado
694,29,172.053,genzodut@example.com,informática
695,60,88.843,sjcatvxj@example.com,eletrodomésticos
696,23,46.633,snxaicda@example.com,mercado
697,30,112.378,dkuumiev@example.com,celulares
698,26,100.725,lrsjiipv@example.com,celulares
699,29,29.556,chbqjtso@example.com,mercado
700,59,150.618,qqelkytu@example.com,mercado
701,25,198.668,nmmoybbl@example.com,celulares
702,73,74.957,vovrkxra@example.com,informática
703,79,142.003,sguzqecw@example.com,mercado
704,48,126.799,nnilvbwu@example.com,mercado
705,46,180.534,msgomuha@example.com,mercado
706,64,198.457,cnpjjslf@example.com,móveis
707,60,96.836,avvaaicq@example.com,informática
708,28,128.28,pynwlchb@example.com,eletrodomésticos
709,79,110.178,vbpdcbqc@example.com,mercado
710,73,113.931,zfsjclmr@example.com,informática
711,72,194.148,gwrtuikh@example.com,celulares
712,25,191.317,qofiuuyp@example.com,informática
713,56,26.833,ztkplubq@example.com,mercado
714,60,119.859,tubunpzt@example.com,celulares
715,33,168.366,izddqiuw@example.com,eletrodomésticos
716,22,195.963,bwygdhlw@example.com,móveis
717,63,66.939,nlhrfrlj@example.com,informática
718,78,186.15,bcibtlba@example.com,móveis
719,23,168.484,njyjeedw@example.com,mercado
720,42,141.839,cqbmqsdm@example.com,celulares
721,64,99.843,zrydqinp@example.com,mercado
722,38,52.6,fpwjixzz@example.com,mercado
723,19,177.156,cqkdszdk@example.com,celulares
724,78,49.363,zqzfnpis@example.com,mercado
725,19,152.817,azxskfro@example.com,informática
726,68,133.115,raexyybn@example.com,celulares
727,38,22.645,urvjaupr@example.com,informática
728,75,54.996,xiabsbhd@example.com,eletrodomésticos
729,70,198.601,eykpooxb@example.com,celulares
730,77,155.401,pfyqymsw@example.com,celulares
731,63,33.044,gtzlkavg@example.com,eletrodomésticos
732,58,38.133,voeldyke@example.com,eletrodomésticos
733,20,65.623,qslfsqnz@example.com,mercado
734,51,86.65,pmvcakco@example.com,informática
735,38,143.013,oumxaxvy@example.com,eletrodomésticos
736,22,74.526,mggfgrui@example.com,móveis
737,31,184.121,szlooloo@example.com,mercado
738,34,189.058,hwibpkrb@example.com,informática
739,45,38.995,hdhckjxp@example.com,eletrodomésticos
740,21,167.914,ftxvoxey@example.com,celulares
741,53,94.448,atiqvzrj@example.com,eletrodomésticos
742,32,170.35,rxkfekag@example.com,celulares
743,29,170.945,zbgzzere@example.com,eletrodomésticos
744,62,185.913,hgjomqyb@example.com,mercado
745,56,87.425,zsapfhbf@example.com,móveis
746,62,161.366,urzjrxgx@example.com,móveis
747,59,145.562,sfgsflec@example.com,celulares
748,32,24.477,skddqwmg@example.com,eletrodomésticos
749,34,129.485,oljohzig@example.com,eletrodomésticos
750,62,198.472,omwrrxmu@example.com,eletrodomésticos
751,76,197.213,jwngykdl@example.com,móveis
752,21,169.686,hbfmtrxc@example.com,eletrodomésticos
753,33,120.26,skhwqaxf@example.com,mercado
754,69,63.613,cccfyhuz@example.com,celulares
755,23,49.824,iojaulwq@example.com,informática
756,65,174.665,ndepfftt@example.com,mercado
757,43,80.079,nwsdrszj@example.com,mercado
758,44,189.609,qkackzyc@example.com,mercado
759,68,81.457,ozihulbk@example.com,informática
760,79,28.001,dfqbtdhf@example.com,informática
761,40,84.507,ndwuoctp@example.com,eletrodomésticos
762,50,114.245,ruprhfvg@example.com,móveis
763,50,34.723,drcybapr@example.com,móveis
764,27,114.43,iqiplynm@example.com,eletrodomésticos
765,42,56.28,oqyahqkm@example.com,eletrodomésticos
766,63,60.634,pmmrpncc@example.com,informática
767,76,87.687,jzxkudeq@example.com,eletrodomésticos
768,72,34.822,dfibwhkp@example.com,celulares
769,25,29.232,sdphspse@example.com,celulares
770,62,34.962,pomcbddn@example.com,móveis
771,39,145.128,rjluoxbv@example.com,eletrodomésticos
772,62,44.557,xmnqynzn@example.com,eletrodomésticos
773,35,191.687,sogktwze@example.com,celulares
774,60,178.01,osgoxbpr@example.com,celulares
775,68,112.641,quhwmbdr@example.com,eletrodomésticos
776,44,172.035,fzghyhpj@example.com,eletrodomésticos
777,45,32.334,rftndeuk@example.com,eletrodomésticos
778,79,185.974,gwmibwll@example.com,informática
779,24,36.317,npcpgysl@example.com,informática
780,71,90.522,outeuarm@example.com,móveis
781,37,187.203,snuxaitk@example.com,móveis
782,56,20.254,pimhnehx@example.com,celulares
783,29,108.065,bepegjsa@example.com,informática
784,36,41.473,jetmyvfw@example.com,eletrodomésticos
785,76,143.854,fmexakns@example.com,móveis
786,23,40.786,ddstbkia@example.com,informática
787,26,104.907,sorcseup@example.com,mercado
788,61,31.511,tezjraum@example.com,informática
789,61,134.322,xaxfdwdz@example.com,informática
790,18,192.713,sqirbyuo@example.com,informática
791,77,159.917,pqjcjjzq@example.com,celulares
792,79,170.646,xvohkehe@example.com,celulares
793,27,37.424,vbqssoyj@example.com,mercado
794,49,199.507,qkxucapt@example.com,celulares
795,75,53.286,walxktvg@example.com,mercado
796,64,139.252,httdxklk@example.com,eletrodomésticos
797,77,29.901,lwzdftae@example.com,móveis
798,28,111.799,jpbdqtlj@example.com,eletrodomésticos
799,38,107.203,zcwodrbc@example.com,eletrodomésticos
800,19,108.129,tyxzdjvw@example.com,mercado
801,73,139.466,ljwmwszo@example.com,móveis
802,50,90.01,dlkloubj@example.com,celulares
803,30,38.943,ioktiokl@example.com,celulares
804,60,21.762,rgqyxvyy@example.com,informática
805,30,159.975,pboutxxk@example.com,eletrodomésticos
806,49,178.427,cfjidzah@example.com,eletrodomésticos
807,75,146.775,oubkmwnb@example.com,celulares
808,65,55.295,jobnzkis@example.com,eletrodomésticos
809,70,28.42,fkynujuk@example.com,eletrodomésticos
810,58,153.963,rctuvzeb@example.com,móveis
811,79,65.409,vewscjtq@example.com,mercado
812,68,169.521,hizklkpt@example.com,eletrodomésticos
813,77,148.259,zcusegsu@example.com,eletrodomésticos
814,77,103.898,hzdljwdv@example.com,eletrodomésticos
815,36,99.414,dzvffvlu@example.com,móveis
816,61,114.524,mefbujpy@example.com,celulares
817,61,75.761,avbiozfv@example.com,informática
818,59,106.146,eyfwmqti@example.com,mercado
819,60,63.708,tvfqdvaa@example.com,eletrodomésticos
820,18,47.766,ozfogjvb@example.com,celulares
821,58,129.775,kldgqjuv@example.com,celulares
822,27,56.184,ppdplwst@example.com,mercado
823,63,156.459,bgarrgil@example.com,eletrodomésticos
824,20,58.267,stwkvkzo@example.com,eletrodomésticos
825,50,88.454,humqoxnc@example.com,mercado
826,70,45.807,dreqoapf@example.com,mercado
827,61,162.737,ubbckmhg@example.com,celulares
828,44,114.524,liivrwup@example.com,eletrodomésticos
829,63,100.455,jxjqresg@example.com,móveis
830,22,191.153,jqfkuyzx@example.com,eletrodomésticos
831,73,125.756,aljeyzqh@example.com,eletrodomésticos
832,31,84.719,rjusyxqd@example.com,mercado
833,44,78.581,szmrqzcd@example.com,mercado
834,30,138.574,bqqdttbg@example.com,celulares
835,66,148.394,xubrjico@example.com,celulares
836,45,61.891,nkqhurrc@example.com,mercado
837,37,155.786,eoitfxvx@example.com,móveis
838,23,69.603,qxeiufuh@example.com,mercado
839,70,100.258,ukmxjrar@example.com,celulares
840,21,52.643,ujroivcb@example.com,mercado
841,39,159.682,lknfient@example.com,celulares
842,79,88.171,ucyfcjjl@example.com,informática
843,77,103.106,xzaybbjc@example.com,eletrodomésticos
844,61,95.318,oidyaeqc@example.com,eletrodomésticos
845,20,136.167,fmcapmkh@example.com,informática
846,63,146.072,mibcnenw@example.com,informática
847,77,111.605,kaiaynut@example.com,móveis
848,58,85.632,wvebjgoy@example.com,informática
849,54,178.029,wssgmlnz@example.com,celulares
850,34,152.642,zyjzoqio@example.com,celulares
851,67,181.734,peajhbnx@example.com,informática
852,62,42.478,bcyxvwsv@example.com,móveis
853,69,59.701,tyssxhbc@example.com,informática
854,63,87.351,ewlibzez@example.com,celulares
855,46,133.636,wlkkapwh@example.com,celulares
856,77,187.416,gvqhpwmc@example.com,informática
857,53,192.962,hooxbqji@example.com,celulares
858,43,137.056,qdxvrhzv@example.com,informática
859,78,166.564,ekdlkpfj@example.com,mercado
860,73,72.587,mqkpllto@example.com,eletrodomésticos
861,39,173.979,ebyxinho@example.com,mercado
862,56,28.459,vxkvbwfy@example.com,móveis
863,69,47.878,bpbkbwbn@example.com,celulares
864,51,39.524,ivekestp@example.com,mercado
865,22,91.339,fugtzjgy@example.com,eletrodomésticos
866,23,66.638,viiygknp@example.com,móveis
867,63,25.754,ndihlbaf@example.com,móveis
868,44,28.951,gbjixivb@example.com,mercado
869,28,141.318,ldhlujyg@example.com,celulares
870,32,112.978,zyrhgfmg@example.com,informática
871,39,159.097,beyuuooz@example.com,informática
872,43,60.741,hspoijyt@example.com,eletrodomésticos
873,58,21.434,zjxrthzv@example.com,eletrodomésticos
874,77,190.86,zmbrzgbq@example.com,móveis
875,25,70.845,ifikabaw@example.com,informática
876,45,137.624,cyxrfgwp@example.com,eletrodomésticos
877,22,46.643,kzepqanp@example.com,eletrodomésticos
878,61,127.194,ltxcvatv@example.com,móveis
879,37,58.427,yudvzzzd@example.com,informática
880,60,106.008,ckflbvsn@example.com,celulares
881,31,164.435,udawzdmf@example.com,eletrodomésticos
882,63,50.646,yjwajoze@example.com,mercado
883,78,107.089,scmexzyy@example.com,celulares
884,76,131.084,youwiwat@example.com,celulares
885,39,104.73,fdmfybsa@example.com,celulares
886,65,180.42,cemmumcb@example.com,celulares
887,65,176.075,gytondea@example.com,celulares
888,21,26.949,toqkgghw@example.com,móveis
889,21,66.1,eevmgnso@example.com,informática
890,46,63.818,uklwiuiw@example.com,eletrodomésticos
891,74,158.869,xgbivyus@example.com,informática
892,69,112.733,dimndbic@example.com,eletrodomésticos
893,70,64.853,pkuqhoqo@example.com,eletrodomésticos
894,53,48.672,ormgppvc@example.com,celulares
895,23,157.62,qpbttofd@example.com,informática
896,36,97.43,dusadgqo@example.com,eletrodomésticos
897,51,168.661,yibsmagk@example.com,eletrodomésticos
898,55,89.671,opsetbao@example.com,informática
899,64,166.829,cseeyacj@example.com,informática
900,44,66.218,vdolbsae@example.com,móveis
901,50,34.759,ycjwarvt@example.com,mercado
902,77,97.188,wqhsrdnd@example.com,móveis
903,60,76.995,knsmzdsz@example.com,informática
904,28,184.873,pvtofxns@example.com,celulares
905,76,91.581,xsemffwo@example.com,eletrodomésticos
906,64,84.946,dzapuhjj@example.com,mercado
907,55,197.053,nipliyoz@example.com,mercado
908,29,123.468,qmoozbvo@example.com,mercado
909,52,125.251,enoabcmr@example.com,informática
910,21,108.743,bldwhops@example.com,mercado
911,51,199.737,wapqhosm@example.com,informática
912,48,111.978,pjyymmnc@example.com,celulares
913,24,57.021,nyqccqmt@example.com,mercado
914,41,175.308,zxqrmrvm@example.com,celulares
915,48,145.702,qkmxlsxg@example.com,celulares
916,63,181.915,lojxqilr@example.com,celulares
917,36,129.155,hegvylqu@example.com,celulares
918,64,127.407,kbkvzyig@example.com,eletrodomésticos
919,32,78.539,lkddorol@example.com,mercado
920,60,173.458,bklnxybi@example.com,eletrodomésticos
921,67,123.148,mswdlgdh@example.com,celulares
922,42,129.567,cpzgksaz@example.com,celulares
923,79,84.571,xiuwewoj@example.com,informática
924,40,84.556,pjkygrmi@example.com,informática
925,53,150.72,netrypgq@example.com,eletrodomésticos
926,35,182.68,zlplcsxz@example.com,informática
927,71,87.897,sxmfdbob@example.com,mercado
928,32,101.142,wcwnmsui@example.com,móveis
929,72,124.001,ggwcymmg@example.com,móveis
930,69,47.17,zreezded@example.com,eletrodomésticos
931,66,65.397,mjaqnqmh@example.com,informática
932,79,178.859,lyegywse@example.com,móveis
933,79,77.613,fkkdudis@example.com,celulares
934,69,147.199,grggldqa@example.com,celulares
935,18,170.198,lzubykpo@example.com,informática
936,47,188.989,oamntkil@example.com,eletrodomésticos
937,78,190.567,wztuozvf@example.com,informática
938,31,108.363,kxcjsvmn@example.com,eletrodomésticos
939,18,43.02,pddfwqxe@example.com,mercado
940,37,58.131,rblmzsyd@example.com,informática
941,75,106.565,qzluosmv@example.com,eletrodomésticos
942,60,70.862,gjnahjpu@example.com,eletrodomésticos
943,73,68.995,athwaewh@example.com,informática
944,60,128.158,vxqdgxtg@example.com,mercado
945,52,124.834,jhownqna@example.com,informática
946,25,82.171,optyydmc@example.com,eletrodomésticos
947,39,171.543,ythlesak@example.com,eletrodomésticos
948,66,81.102,gpqweswv@example.com,eletrodomésticos
949,28,25.411,zdziepds@example.com,celulares
950,74,46.072,pesgqmqm@example.com,mercado
951,29,124.828,cncyupnb@example.com,mercado
952,34,143.279,boulwler@example.com,informática
953,21,107.66,htncmmqy@example.com,móveis
954,45,88.766,huxxjmlg@example.com,móveis
955,20,78.732,ejtnshnk@example.com,móveis
956,66,172.899,lqvynsyg@example.com,celulares
957,60,100.524,upplhxul@example.com,informática
958,29,169.821,npjkcvoj@example.com,eletrodomésticos
959,59,84.782,dwqvvdqm@example.com,eletrodomésticos
960,70,181.306,kbbzrffq@example.com,mercado
961,69,158.844,vtucimiq@example.com,celulares
962,19,32.673,dhmppbjw@example.com,celulares
963,30,20.756,znmtjdea@example.com,móveis
964,26,109.394,uvxavppr@example.com,informática
965,49,24.841,roemvxnk@example.com,móveis
966,62,190.402,eaiozilg@example.com,eletrodomésticos
967,77,149.72,smsntkgg@example.com,móveis
968,49,87.743,hbkdtwjt@example.com,celulares
969,37,130.49,oochkdsy@example.com,móveis
970,57,107.334,banumtxv@example.com,informática
971,64,107.177,sakcrzhw@example.com,celulares
972,52,168.766,xiunpurm@example.com,celulares
973,58,65.261,kkimbinb@example.com,informática
974,53,183.336,enaenjri@example.com,eletrodomésticos
975,47,115.129,truecbkd@example.com,mercado
976,24,36.595,fxggjecs@example.com,eletrodomésticos
977,26,81.837,emthlplg@example.com,mercado
978,19,154.806,lqfmosgp@example.com,eletrodomésticos
979,30,68.627,lkkibkcq@example.com,eletrodomésticos
980,22,22.969,rjmlnewt@example.com,celulares
981,24,66.367,tbvydwuw@example.com,celulares
982,29,50.658,gktszhtj@example.com,mercado
983,20,136.649,fgodgbeu@example.com,mercado
984,26,48.292,wmvgjmku@example.com,móveis
985,69,56.277,duskdpqv@example.com,móveis
986,58,34.404,msmjgebk@example.com,informática
987,41,44.667,stvnunch@example.com,eletrodomésticos
988,38,100.381,lioidbxo@example.com,eletrodomésticos
989,69,163.782,zvmsjfla@example.com,eletrodomésticos
990,46,89.203,xfamylgb@example.com,informática
991,57,146.42,vduclhgu@example.com,informática
992,64,91.876,eicwtrfx@example.com,móveis
993,63,24.627,asaelezu@example.com,móveis
994,54,64.037,cgscykbh@example.com,móveis
995,76,91.973,nldcotex@example.com,celulares
996,71,27.022,wejajjuh@example.com,eletrodomésticos
997,54,110.718,bokosvkt@example.com,informática
998,35,142.125,pwlfdagg@example.com,celulares
999,49,181.636,yahdexno@example.com,celulares
1000,61,105.581,ceounlqo@example.com,móveis
